	{
		"name": "Global Information",
		"numberOfRequests": {
			"total": 1516,
			"ok": 1516,
			"ko": 0
		},
		"minResponseTime": {
			"total": 110,
			"ok": 110,
			"ko": -1
		},
		"maxResponseTime": {
			"total": 12980,
			"ok": 12980,
			"ko": -1
		},
		"meanResponseTime": {
			"total": 237,
			"ok": 237,
			"ko": -1
		},
		"standardDeviation": {
			"total": 800,
			"ok": 800,
			"ko": -1
		},
		"percentiles1": {
			"total": 210,
			"ok": 210,
			"ko": -1
		},
		"percentiles2": {
			"total": 270,
			"ok": 270,
			"ko": -1
		},
		"group1": {
			"name": "t < 800 ms",
			"count": 1510,
			"percentage": 99
		},
		"group2": {
			"name": "800 ms < t < 1200 ms",
			"count": 0,
			"percentage": 0
		},
		"group3": {
			"name": "t > 1200 ms",
			"count": 6,
			"percentage": 0
		},
		"group4": {
			"name": "failed",
			"count": 0,
			"percentage": 0
		},
		"meanNumberOfRequestsPerSecond": {
			"total": 25,
			"ok": 25,
			"ko": -1
		}
	}