	{
		"name": "Global Information",
		"numberOfRequests": {
			"total": 1873,
			"ok": 1873,
			"ko": 0
		},
		"minResponseTime": {
			"total": 610,
			"ok": 610,
			"ko": -1
		},
		"maxResponseTime": {
			"total": 3810,
			"ok": 3810,
			"ko": -1
		},
		"meanResponseTime": {
			"total": 3276,
			"ok": 3276,
			"ko": -1
		},
		"standardDeviation": {
			"total": 347,
			"ok": 347,
			"ko": -1
		},
		"percentiles1": {
			"total": 3480,
			"ok": 3480,
			"ko": -1
		},
		"percentiles2": {
			"total": 3550,
			"ok": 3550,
			"ko": -1
		},
		"group1": {
			"name": "t < 800 ms",
			"count": 8,
			"percentage": 0
		},
		"group2": {
			"name": "800 ms < t < 1200 ms",
			"count": 12,
			"percentage": 0
		},
		"group3": {
			"name": "t > 1200 ms",
			"count": 1853,
			"percentage": 98
		},
		"group4": {
			"name": "failed",
			"count": 0,
			"percentage": 0
		},
		"meanNumberOfRequestsPerSecond": {
			"total": 30,
			"ok": 30,
			"ko": -1
		}
	}