	{
		"name": "Global Information",
		"numberOfRequests": {
			"total": 1847,
			"ok": 1847,
			"ko": 0
		},
		"minResponseTime": {
			"total": 90,
			"ok": 90,
			"ko": -1
		},
		"maxResponseTime": {
			"total": 700,
			"ok": 700,
			"ko": -1
		},
		"meanResponseTime": {
			"total": 194,
			"ok": 194,
			"ko": -1
		},
		"standardDeviation": {
			"total": 28,
			"ok": 28,
			"ko": -1
		},
		"percentiles1": {
			"total": 210,
			"ok": 210,
			"ko": -1
		},
		"percentiles2": {
			"total": 240,
			"ok": 240,
			"ko": -1
		},
		"group1": {
			"name": "t < 800 ms",
			"count": 1847,
			"percentage": 100
		},
		"group2": {
			"name": "800 ms < t < 1200 ms",
			"count": 0,
			"percentage": 0
		},
		"group3": {
			"name": "t > 1200 ms",
			"count": 0,
			"percentage": 0
		},
		"group4": {
			"name": "failed",
			"count": 0,
			"percentage": 0
		},
		"meanNumberOfRequestsPerSecond": {
			"total": 31,
			"ok": 31,
			"ko": -1
		}
	}