	{
		"name": "Global Information",
		"numberOfRequests": {
			"total": 1802,
			"ok": 1802,
			"ko": 0
		},
		"minResponseTime": {
			"total": 670,
			"ok": 670,
			"ko": -1
		},
		"maxResponseTime": {
			"total": 1630,
			"ok": 1630,
			"ko": -1
		},
		"meanResponseTime": {
			"total": 835,
			"ok": 835,
			"ko": -1
		},
		"standardDeviation": {
			"total": 65,
			"ok": 65,
			"ko": -1
		},
		"percentiles1": {
			"total": 940,
			"ok": 940,
			"ko": -1
		},
		"percentiles2": {
			"total": 1020,
			"ok": 1020,
			"ko": -1
		},
		"group1": {
			"name": "t < 800 ms",
			"count": 300,
			"percentage": 16
		},
		"group2": {
			"name": "800 ms < t < 1200 ms",
			"count": 1492,
			"percentage": 82
		},
		"group3": {
			"name": "t > 1200 ms",
			"count": 10,
			"percentage": 0
		},
		"group4": {
			"name": "failed",
			"count": 0,
			"percentage": 0
		},
		"meanNumberOfRequestsPerSecond": {
			"total": 30,
			"ok": 30,
			"ko": -1
		}
	}