	{
		"name": "Global Information",
		"numberOfRequests": {
			"total": 1741,
			"ok": 1741,
			"ko": 0
		},
		"minResponseTime": {
			"total": 70,
			"ok": 70,
			"ko": -1
		},
		"maxResponseTime": {
			"total": 13870,
			"ok": 13870,
			"ko": -1
		},
		"meanResponseTime": {
			"total": 3514,
			"ok": 3514,
			"ko": -1
		},
		"standardDeviation": {
			"total": 2204,
			"ok": 2204,
			"ko": -1
		},
		"percentiles1": {
			"total": 7960,
			"ok": 7960,
			"ko": -1
		},
		"percentiles2": {
			"total": 9800,
			"ok": 9800,
			"ko": -1
		},
		"group1": {
			"name": "t < 800 ms",
			"count": 189,
			"percentage": 10
		},
		"group2": {
			"name": "800 ms < t < 1200 ms",
			"count": 94,
			"percentage": 5
		},
		"group3": {
			"name": "t > 1200 ms",
			"count": 1458,
			"percentage": 83
		},
		"group4": {
			"name": "failed",
			"count": 0,
			"percentage": 0
		},
		"meanNumberOfRequestsPerSecond": {
			"total": 28,
			"ok": 28,
			"ko": -1
		}
	}