	{
		"name": "Global Information",
		"numberOfRequests": {
			"total": 1828,
			"ok": 1828,
			"ko": 0
		},
		"minResponseTime": {
			"total": 80,
			"ok": 80,
			"ko": -1
		},
		"maxResponseTime": {
			"total": 620,
			"ok": 620,
			"ko": -1
		},
		"meanResponseTime": {
			"total": 130,
			"ok": 130,
			"ko": -1
		},
		"standardDeviation": {
			"total": 25,
			"ok": 25,
			"ko": -1
		},
		"percentiles1": {
			"total": 150,
			"ok": 150,
			"ko": -1
		},
		"percentiles2": {
			"total": 170,
			"ok": 170,
			"ko": -1
		},
		"group1": {
			"name": "t < 800 ms",
			"count": 1828,
			"percentage": 100
		},
		"group2": {
			"name": "800 ms < t < 1200 ms",
			"count": 0,
			"percentage": 0
		},
		"group3": {
			"name": "t > 1200 ms",
			"count": 0,
			"percentage": 0
		},
		"group4": {
			"name": "failed",
			"count": 0,
			"percentage": 0
		},
		"meanNumberOfRequestsPerSecond": {
			"total": 30,
			"ok": 30,
			"ko": -1
		}
	}