	{
		"name": "Global Information",
		"numberOfRequests": {
			"total": 1350,
			"ok": 1350,
			"ko": 0
		},
		"minResponseTime": {
			"total": 710,
			"ok": 710,
			"ko": -1
		},
		"maxResponseTime": {
			"total": 18790,
			"ok": 18790,
			"ko": -1
		},
		"meanResponseTime": {
			"total": 1116,
			"ok": 1116,
			"ko": -1
		},
		"standardDeviation": {
			"total": 2358,
			"ok": 2358,
			"ko": -1
		},
		"percentiles1": {
			"total": 960,
			"ok": 960,
			"ko": -1
		},
		"percentiles2": {
			"total": 18230,
			"ok": 18230,
			"ko": -1
		},
		"group1": {
			"name": "t < 800 ms",
			"count": 858,
			"percentage": 63
		},
		"group2": {
			"name": "800 ms < t < 1200 ms",
			"count": 467,
			"percentage": 34
		},
		"group3": {
			"name": "t > 1200 ms",
			"count": 25,
			"percentage": 1
		},
		"group4": {
			"name": "failed",
			"count": 0,
			"percentage": 0
		},
		"meanNumberOfRequestsPerSecond": {
			"total": 22,
			"ok": 22,
			"ko": -1
		}
	}