	{
		"name": "Global Information",
		"numberOfRequests": {
			"total": 1918,
			"ok": 1918,
			"ko": 0
		},
		"minResponseTime": {
			"total": 1200,
			"ok": 1200,
			"ko": -1
		},
		"maxResponseTime": {
			"total": 8450,
			"ok": 8450,
			"ko": -1
		},
		"meanResponseTime": {
			"total": 6583,
			"ok": 6583,
			"ko": -1
		},
		"standardDeviation": {
			"total": 909,
			"ok": 909,
			"ko": -1
		},
		"percentiles1": {
			"total": 7050,
			"ok": 7050,
			"ko": -1
		},
		"percentiles2": {
			"total": 7530,
			"ok": 7530,
			"ko": -1
		},
		"group1": {
			"name": "t < 800 ms",
			"count": 0,
			"percentage": 0
		},
		"group2": {
			"name": "800 ms < t < 1200 ms",
			"count": 1,
			"percentage": 0
		},
		"group3": {
			"name": "t > 1200 ms",
			"count": 1917,
			"percentage": 99
		},
		"group4": {
			"name": "failed",
			"count": 0,
			"percentage": 0
		},
		"meanNumberOfRequestsPerSecond": {
			"total": 29,
			"ok": 29,
			"ko": -1
		}
	}