	{
		"name": "Global Information",
		"numberOfRequests": {
			"total": 2674,
			"ok": 2674,
			"ko": 0
		},
		"minResponseTime": {
			"total": 80,
			"ok": 80,
			"ko": -1
		},
		"maxResponseTime": {
			"total": 810,
			"ok": 810,
			"ko": -1
		},
		"meanResponseTime": {
			"total": 335,
			"ok": 335,
			"ko": -1
		},
		"standardDeviation": {
			"total": 107,
			"ok": 107,
			"ko": -1
		},
		"percentiles1": {
			"total": 500,
			"ok": 500,
			"ko": -1
		},
		"percentiles2": {
			"total": 600,
			"ok": 600,
			"ko": -1
		},
		"group1": {
			"name": "t < 800 ms",
			"count": 2673,
			"percentage": 99
		},
		"group2": {
			"name": "800 ms < t < 1200 ms",
			"count": 1,
			"percentage": 0
		},
		"group3": {
			"name": "t > 1200 ms",
			"count": 0,
			"percentage": 0
		},
		"group4": {
			"name": "failed",
			"count": 0,
			"percentage": 0
		},
		"meanNumberOfRequestsPerSecond": {
			"total": 44,
			"ok": 44,
			"ko": -1
		}
	}