	{
		"name": "Global Information",
		"numberOfRequests": {
			"total": 2653,
			"ok": 2653,
			"ko": 0
		},
		"minResponseTime": {
			"total": 80,
			"ok": 80,
			"ko": -1
		},
		"maxResponseTime": {
			"total": 1850,
			"ok": 1850,
			"ko": -1
		},
		"meanResponseTime": {
			"total": 564,
			"ok": 564,
			"ko": -1
		},
		"standardDeviation": {
			"total": 235,
			"ok": 235,
			"ko": -1
		},
		"percentiles1": {
			"total": 970,
			"ok": 970,
			"ko": -1
		},
		"percentiles2": {
			"total": 1190,
			"ok": 1190,
			"ko": -1
		},
		"group1": {
			"name": "t < 800 ms",
			"count": 2249,
			"percentage": 84
		},
		"group2": {
			"name": "800 ms < t < 1200 ms",
			"count": 380,
			"percentage": 14
		},
		"group3": {
			"name": "t > 1200 ms",
			"count": 24,
			"percentage": 0
		},
		"group4": {
			"name": "failed",
			"count": 0,
			"percentage": 0
		},
		"meanNumberOfRequestsPerSecond": {
			"total": 44,
			"ok": 44,
			"ko": -1
		}
	}