	{
		"name": "Global Information",
		"numberOfRequests": {
			"total": 1919,
			"ok": 1919,
			"ko": 0
		},
		"minResponseTime": {
			"total": 1060,
			"ok": 1060,
			"ko": -1
		},
		"maxResponseTime": {
			"total": 8260,
			"ok": 8260,
			"ko": -1
		},
		"meanResponseTime": {
			"total": 6548,
			"ok": 6548,
			"ko": -1
		},
		"standardDeviation": {
			"total": 907,
			"ok": 907,
			"ko": -1
		},
		"percentiles1": {
			"total": 7100,
			"ok": 7100,
			"ko": -1
		},
		"percentiles2": {
			"total": 7520,
			"ok": 7520,
			"ko": -1
		},
		"group1": {
			"name": "t < 800 ms",
			"count": 0,
			"percentage": 0
		},
		"group2": {
			"name": "800 ms < t < 1200 ms",
			"count": 2,
			"percentage": 0
		},
		"group3": {
			"name": "t > 1200 ms",
			"count": 1917,
			"percentage": 99
		},
		"group4": {
			"name": "failed",
			"count": 0,
			"percentage": 0
		},
		"meanNumberOfRequestsPerSecond": {
			"total": 29,
			"ok": 29,
			"ko": -1
		}
	}