	{
		"name": "Global Information",
		"numberOfRequests": {
			"total": 2662,
			"ok": 2662,
			"ko": 0
		},
		"minResponseTime": {
			"total": 80,
			"ok": 80,
			"ko": -1
		},
		"maxResponseTime": {
			"total": 520,
			"ok": 520,
			"ko": -1
		},
		"meanResponseTime": {
			"total": 89,
			"ok": 89,
			"ko": -1
		},
		"standardDeviation": {
			"total": 19,
			"ok": 19,
			"ko": -1
		},
		"percentiles1": {
			"total": 100,
			"ok": 100,
			"ko": -1
		},
		"percentiles2": {
			"total": 120,
			"ok": 120,
			"ko": -1
		},
		"group1": {
			"name": "t < 800 ms",
			"count": 2662,
			"percentage": 100
		},
		"group2": {
			"name": "800 ms < t < 1200 ms",
			"count": 0,
			"percentage": 0
		},
		"group3": {
			"name": "t > 1200 ms",
			"count": 0,
			"percentage": 0
		},
		"group4": {
			"name": "failed",
			"count": 0,
			"percentage": 0
		},
		"meanNumberOfRequestsPerSecond": {
			"total": 44,
			"ok": 44,
			"ko": -1
		}
	}