	{
		"name": "Global Information",
		"numberOfRequests": {
			"total": 1294,
			"ok": 1294,
			"ko": 0
		},
		"minResponseTime": {
			"total": 60,
			"ok": 60,
			"ko": -1
		},
		"maxResponseTime": {
			"total": 15780,
			"ok": 15780,
			"ko": -1
		},
		"meanResponseTime": {
			"total": 184,
			"ok": 184,
			"ko": -1
		},
		"standardDeviation": {
			"total": 869,
			"ok": 869,
			"ko": -1
		},
		"percentiles1": {
			"total": 210,
			"ok": 210,
			"ko": -1
		},
		"percentiles2": {
			"total": 250,
			"ok": 250,
			"ko": -1
		},
		"group1": {
			"name": "t < 800 ms",
			"count": 1290,
			"percentage": 99
		},
		"group2": {
			"name": "800 ms < t < 1200 ms",
			"count": 0,
			"percentage": 0
		},
		"group3": {
			"name": "t > 1200 ms",
			"count": 4,
			"percentage": 0
		},
		"group4": {
			"name": "failed",
			"count": 0,
			"percentage": 0
		},
		"meanNumberOfRequestsPerSecond": {
			"total": 22,
			"ok": 22,
			"ko": -1
		}
	}