	{
		"name": "Global Information",
		"numberOfRequests": {
			"total": 1828,
			"ok": 1828,
			"ko": 0
		},
		"minResponseTime": {
			"total": 70,
			"ok": 70,
			"ko": -1
		},
		"maxResponseTime": {
			"total": 920,
			"ok": 920,
			"ko": -1
		},
		"meanResponseTime": {
			"total": 196,
			"ok": 196,
			"ko": -1
		},
		"standardDeviation": {
			"total": 38,
			"ok": 38,
			"ko": -1
		},
		"percentiles1": {
			"total": 220,
			"ok": 220,
			"ko": -1
		},
		"percentiles2": {
			"total": 250,
			"ok": 250,
			"ko": -1
		},
		"group1": {
			"name": "t < 800 ms",
			"count": 1825,
			"percentage": 99
		},
		"group2": {
			"name": "800 ms < t < 1200 ms",
			"count": 3,
			"percentage": 0
		},
		"group3": {
			"name": "t > 1200 ms",
			"count": 0,
			"percentage": 0
		},
		"group4": {
			"name": "failed",
			"count": 0,
			"percentage": 0
		},
		"meanNumberOfRequestsPerSecond": {
			"total": 30,
			"ok": 30,
			"ko": -1
		}
	}