	{
		"name": "Global Information",
		"numberOfRequests": {
			"total": 1748,
			"ok": 1748,
			"ko": 0
		},
		"minResponseTime": {
			"total": 6150,
			"ok": 6150,
			"ko": -1
		},
		"maxResponseTime": {
			"total": 16810,
			"ok": 16810,
			"ko": -1
		},
		"meanResponseTime": {
			"total": 7220,
			"ok": 7220,
			"ko": -1
		},
		"standardDeviation": {
			"total": 1608,
			"ok": 1608,
			"ko": -1
		},
		"percentiles1": {
			"total": 11670,
			"ok": 11670,
			"ko": -1
		},
		"percentiles2": {
			"total": 13890,
			"ok": 13890,
			"ko": -1
		},
		"group1": {
			"name": "t < 800 ms",
			"count": 0,
			"percentage": 0
		},
		"group2": {
			"name": "800 ms < t < 1200 ms",
			"count": 0,
			"percentage": 0
		},
		"group3": {
			"name": "t > 1200 ms",
			"count": 1748,
			"percentage": 100
		},
		"group4": {
			"name": "failed",
			"count": 0,
			"percentage": 0
		},
		"meanNumberOfRequestsPerSecond": {
			"total": 26,
			"ok": 26,
			"ko": -1
		}
	}