	{
		"name": "Global Information",
		"numberOfRequests": {
			"total": 1871,
			"ok": 1871,
			"ko": 0
		},
		"minResponseTime": {
			"total": 70,
			"ok": 70,
			"ko": -1
		},
		"maxResponseTime": {
			"total": 56180,
			"ok": 56180,
			"ko": -1
		},
		"meanResponseTime": {
			"total": 6703,
			"ok": 6703,
			"ko": -1
		},
		"standardDeviation": {
			"total": 6051,
			"ok": 6051,
			"ko": -1
		},
		"percentiles1": {
			"total": 42280,
			"ok": 42280,
			"ko": -1
		},
		"percentiles2": {
			"total": 48990,
			"ok": 48990,
			"ko": -1
		},
		"group1": {
			"name": "t < 800 ms",
			"count": 560,
			"percentage": 29
		},
		"group2": {
			"name": "800 ms < t < 1200 ms",
			"count": 211,
			"percentage": 11
		},
		"group3": {
			"name": "t > 1200 ms",
			"count": 1100,
			"percentage": 58
		},
		"group4": {
			"name": "failed",
			"count": 0,
			"percentage": 0
		},
		"meanNumberOfRequestsPerSecond": {
			"total": 28,
			"ok": 28,
			"ko": -1
		}
	}