	{
		"name": "Global Information",
		"numberOfRequests": {
			"total": 1739,
			"ok": 1739,
			"ko": 0
		},
		"minResponseTime": {
			"total": 40,
			"ok": 40,
			"ko": -1
		},
		"maxResponseTime": {
			"total": 630,
			"ok": 630,
			"ko": -1
		},
		"meanResponseTime": {
			"total": 137,
			"ok": 137,
			"ko": -1
		},
		"standardDeviation": {
			"total": 24,
			"ok": 24,
			"ko": -1
		},
		"percentiles1": {
			"total": 160,
			"ok": 160,
			"ko": -1
		},
		"percentiles2": {
			"total": 180,
			"ok": 180,
			"ko": -1
		},
		"group1": {
			"name": "t < 800 ms",
			"count": 1739,
			"percentage": 100
		},
		"group2": {
			"name": "800 ms < t < 1200 ms",
			"count": 0,
			"percentage": 0
		},
		"group3": {
			"name": "t > 1200 ms",
			"count": 0,
			"percentage": 0
		},
		"group4": {
			"name": "failed",
			"count": 0,
			"percentage": 0
		},
		"meanNumberOfRequestsPerSecond": {
			"total": 29,
			"ok": 29,
			"ko": -1
		}
	}