	{
		"name": "Global Information",
		"numberOfRequests": {
			"total": 2132,
			"ok": 2132,
			"ko": 0
		},
		"minResponseTime": {
			"total": 70,
			"ok": 70,
			"ko": -1
		},
		"maxResponseTime": {
			"total": 16940,
			"ok": 16940,
			"ko": -1
		},
		"meanResponseTime": {
			"total": 168,
			"ok": 168,
			"ko": -1
		},
		"standardDeviation": {
			"total": 891,
			"ok": 891,
			"ko": -1
		},
		"percentiles1": {
			"total": 170,
			"ok": 170,
			"ko": -1
		},
		"percentiles2": {
			"total": 200,
			"ok": 200,
			"ko": -1
		},
		"group1": {
			"name": "t < 800 ms",
			"count": 2126,
			"percentage": 99
		},
		"group2": {
			"name": "800 ms < t < 1200 ms",
			"count": 0,
			"percentage": 0
		},
		"group3": {
			"name": "t > 1200 ms",
			"count": 6,
			"percentage": 0
		},
		"group4": {
			"name": "failed",
			"count": 0,
			"percentage": 0
		},
		"meanNumberOfRequestsPerSecond": {
			"total": 35,
			"ok": 35,
			"ko": -1
		}
	}