	{
		"name": "Global Information",
		"numberOfRequests": {
			"total": 1649,
			"ok": 1649,
			"ko": 0
		},
		"minResponseTime": {
			"total": 70,
			"ok": 70,
			"ko": -1
		},
		"maxResponseTime": {
			"total": 450,
			"ok": 450,
			"ko": -1
		},
		"meanResponseTime": {
			"total": 72,
			"ok": 72,
			"ko": -1
		},
		"standardDeviation": {
			"total": 12,
			"ok": 12,
			"ko": -1
		},
		"percentiles1": {
			"total": 80,
			"ok": 80,
			"ko": -1
		},
		"percentiles2": {
			"total": 80,
			"ok": 80,
			"ko": -1
		},
		"group1": {
			"name": "t < 800 ms",
			"count": 1649,
			"percentage": 100
		},
		"group2": {
			"name": "800 ms < t < 1200 ms",
			"count": 0,
			"percentage": 0
		},
		"group3": {
			"name": "t > 1200 ms",
			"count": 0,
			"percentage": 0
		},
		"group4": {
			"name": "failed",
			"count": 0,
			"percentage": 0
		},
		"meanNumberOfRequestsPerSecond": {
			"total": 27,
			"ok": 27,
			"ko": -1
		}
	}