	{
		"name": "Global Information",
		"numberOfRequests": {
			"total": 1832,
			"ok": 1832,
			"ko": 0
		},
		"minResponseTime": {
			"total": 690,
			"ok": 690,
			"ko": -1
		},
		"maxResponseTime": {
			"total": 4230,
			"ok": 4230,
			"ko": -1
		},
		"meanResponseTime": {
			"total": 3354,
			"ok": 3354,
			"ko": -1
		},
		"standardDeviation": {
			"total": 326,
			"ok": 326,
			"ko": -1
		},
		"percentiles1": {
			"total": 3590,
			"ok": 3590,
			"ko": -1
		},
		"percentiles2": {
			"total": 3680,
			"ok": 3680,
			"ko": -1
		},
		"group1": {
			"name": "t < 800 ms",
			"count": 4,
			"percentage": 0
		},
		"group2": {
			"name": "800 ms < t < 1200 ms",
			"count": 9,
			"percentage": 0
		},
		"group3": {
			"name": "t > 1200 ms",
			"count": 1819,
			"percentage": 99
		},
		"group4": {
			"name": "failed",
			"count": 0,
			"percentage": 0
		},
		"meanNumberOfRequestsPerSecond": {
			"total": 29,
			"ok": 29,
			"ko": -1
		}
	}