	{
		"name": "Global Information",
		"numberOfRequests": {
			"total": 1430,
			"ok": 1430,
			"ko": 0
		},
		"minResponseTime": {
			"total": 70,
			"ok": 70,
			"ko": -1
		},
		"maxResponseTime": {
			"total": 15660,
			"ok": 15660,
			"ko": -1
		},
		"meanResponseTime": {
			"total": 167,
			"ok": 167,
			"ko": -1
		},
		"standardDeviation": {
			"total": 820,
			"ok": 820,
			"ko": -1
		},
		"percentiles1": {
			"total": 140,
			"ok": 140,
			"ko": -1
		},
		"percentiles2": {
			"total": 190,
			"ok": 190,
			"ko": -1
		},
		"group1": {
			"name": "t < 800 ms",
			"count": 1426,
			"percentage": 99
		},
		"group2": {
			"name": "800 ms < t < 1200 ms",
			"count": 0,
			"percentage": 0
		},
		"group3": {
			"name": "t > 1200 ms",
			"count": 4,
			"percentage": 0
		},
		"group4": {
			"name": "failed",
			"count": 0,
			"percentage": 0
		},
		"meanNumberOfRequestsPerSecond": {
			"total": 24,
			"ok": 24,
			"ko": -1
		}
	}