	{
		"name": "Global Information",
		"numberOfRequests": {
			"total": 1451,
			"ok": 1451,
			"ko": 0
		},
		"minResponseTime": {
			"total": 420,
			"ok": 420,
			"ko": -1
		},
		"maxResponseTime": {
			"total": 14530,
			"ok": 14530,
			"ko": -1
		},
		"meanResponseTime": {
			"total": 621,
			"ok": 621,
			"ko": -1
		},
		"standardDeviation": {
			"total": 1400,
			"ok": 1400,
			"ko": -1
		},
		"percentiles1": {
			"total": 530,
			"ok": 530,
			"ko": -1
		},
		"percentiles2": {
			"total": 780,
			"ok": 780,
			"ko": -1
		},
		"group1": {
			"name": "t < 800 ms",
			"count": 1436,
			"percentage": 98
		},
		"group2": {
			"name": "800 ms < t < 1200 ms",
			"count": 0,
			"percentage": 0
		},
		"group3": {
			"name": "t > 1200 ms",
			"count": 15,
			"percentage": 1
		},
		"group4": {
			"name": "failed",
			"count": 0,
			"percentage": 0
		},
		"meanNumberOfRequestsPerSecond": {
			"total": 24,
			"ok": 24,
			"ko": -1
		}
	}