	{
		"name": "Global Information",
		"numberOfRequests": {
			"total": 1776,
			"ok": 1776,
			"ko": 0
		},
		"minResponseTime": {
			"total": 40,
			"ok": 40,
			"ko": -1
		},
		"maxResponseTime": {
			"total": 460,
			"ok": 460,
			"ko": -1
		},
		"meanResponseTime": {
			"total": 67,
			"ok": 67,
			"ko": -1
		},
		"standardDeviation": {
			"total": 15,
			"ok": 15,
			"ko": -1
		},
		"percentiles1": {
			"total": 80,
			"ok": 80,
			"ko": -1
		},
		"percentiles2": {
			"total": 100,
			"ok": 100,
			"ko": -1
		},
		"group1": {
			"name": "t < 800 ms",
			"count": 1776,
			"percentage": 100
		},
		"group2": {
			"name": "800 ms < t < 1200 ms",
			"count": 0,
			"percentage": 0
		},
		"group3": {
			"name": "t > 1200 ms",
			"count": 0,
			"percentage": 0
		},
		"group4": {
			"name": "failed",
			"count": 0,
			"percentage": 0
		},
		"meanNumberOfRequestsPerSecond": {
			"total": 30,
			"ok": 30,
			"ko": -1
		}
	}