	{
		"name": "Global Information",
		"numberOfRequests": {
			"total": 1837,
			"ok": 1837,
			"ko": 0
		},
		"minResponseTime": {
			"total": 420,
			"ok": 420,
			"ko": -1
		},
		"maxResponseTime": {
			"total": 1440,
			"ok": 1440,
			"ko": -1
		},
		"meanResponseTime": {
			"total": 490,
			"ok": 490,
			"ko": -1
		},
		"standardDeviation": {
			"total": 68,
			"ok": 68,
			"ko": -1
		},
		"percentiles1": {
			"total": 530,
			"ok": 530,
			"ko": -1
		},
		"percentiles2": {
			"total": 640,
			"ok": 640,
			"ko": -1
		},
		"group1": {
			"name": "t < 800 ms",
			"count": 1822,
			"percentage": 99
		},
		"group2": {
			"name": "800 ms < t < 1200 ms",
			"count": 8,
			"percentage": 0
		},
		"group3": {
			"name": "t > 1200 ms",
			"count": 7,
			"percentage": 0
		},
		"group4": {
			"name": "failed",
			"count": 0,
			"percentage": 0
		},
		"meanNumberOfRequestsPerSecond": {
			"total": 30,
			"ok": 30,
			"ko": -1
		}
	}