	{
		"name": "Global Information",
		"numberOfRequests": {
			"total": 1755,
			"ok": 1755,
			"ko": 0
		},
		"minResponseTime": {
			"total": 70,
			"ok": 70,
			"ko": -1
		},
		"maxResponseTime": {
			"total": 2810,
			"ok": 2810,
			"ko": -1
		},
		"meanResponseTime": {
			"total": 856,
			"ok": 856,
			"ko": -1
		},
		"standardDeviation": {
			"total": 461,
			"ok": 461,
			"ko": -1
		},
		"percentiles1": {
			"total": 1530,
			"ok": 1530,
			"ko": -1
		},
		"percentiles2": {
			"total": 2300,
			"ok": 2300,
			"ko": -1
		},
		"group1": {
			"name": "t < 800 ms",
			"count": 828,
			"percentage": 47
		},
		"group2": {
			"name": "800 ms < t < 1200 ms",
			"count": 512,
			"percentage": 29
		},
		"group3": {
			"name": "t > 1200 ms",
			"count": 415,
			"percentage": 23
		},
		"group4": {
			"name": "failed",
			"count": 0,
			"percentage": 0
		},
		"meanNumberOfRequestsPerSecond": {
			"total": 29,
			"ok": 29,
			"ko": -1
		}
	}