	{
		"name": "Global Information",
		"numberOfRequests": {
			"total": 2115,
			"ok": 2115,
			"ko": 0
		},
		"minResponseTime": {
			"total": 80,
			"ok": 80,
			"ko": -1
		},
		"maxResponseTime": {
			"total": 17570,
			"ok": 17570,
			"ko": -1
		},
		"meanResponseTime": {
			"total": 2846,
			"ok": 2846,
			"ko": -1
		},
		"standardDeviation": {
			"total": 3310,
			"ok": 3310,
			"ko": -1
		},
		"percentiles1": {
			"total": 3640,
			"ok": 3640,
			"ko": -1
		},
		"percentiles2": {
			"total": 17480,
			"ok": 17480,
			"ko": -1
		},
		"group1": {
			"name": "t < 800 ms",
			"count": 77,
			"percentage": 3
		},
		"group2": {
			"name": "800 ms < t < 1200 ms",
			"count": 109,
			"percentage": 5
		},
		"group3": {
			"name": "t > 1200 ms",
			"count": 1929,
			"percentage": 91
		},
		"group4": {
			"name": "failed",
			"count": 0,
			"percentage": 0
		},
		"meanNumberOfRequestsPerSecond": {
			"total": 35,
			"ok": 35,
			"ko": -1
		}
	}