	{
		"name": "Global Information",
		"numberOfRequests": {
			"total": 1780,
			"ok": 1780,
			"ko": 0
		},
		"minResponseTime": {
			"total": 60,
			"ok": 60,
			"ko": -1
		},
		"maxResponseTime": {
			"total": 750,
			"ok": 750,
			"ko": -1
		},
		"meanResponseTime": {
			"total": 201,
			"ok": 201,
			"ko": -1
		},
		"standardDeviation": {
			"total": 81,
			"ok": 81,
			"ko": -1
		},
		"percentiles1": {
			"total": 330,
			"ok": 330,
			"ko": -1
		},
		"percentiles2": {
			"total": 440,
			"ok": 440,
			"ko": -1
		},
		"group1": {
			"name": "t < 800 ms",
			"count": 1780,
			"percentage": 100
		},
		"group2": {
			"name": "800 ms < t < 1200 ms",
			"count": 0,
			"percentage": 0
		},
		"group3": {
			"name": "t > 1200 ms",
			"count": 0,
			"percentage": 0
		},
		"group4": {
			"name": "failed",
			"count": 0,
			"percentage": 0
		},
		"meanNumberOfRequestsPerSecond": {
			"total": 30,
			"ok": 30,
			"ko": -1
		}
	}