	{
		"name": "Global Information",
		"numberOfRequests": {
			"total": 1782,
			"ok": 1782,
			"ko": 0
		},
		"minResponseTime": {
			"total": 650,
			"ok": 650,
			"ko": -1
		},
		"maxResponseTime": {
			"total": 1860,
			"ok": 1860,
			"ko": -1
		},
		"meanResponseTime": {
			"total": 845,
			"ok": 845,
			"ko": -1
		},
		"standardDeviation": {
			"total": 87,
			"ok": 87,
			"ko": -1
		},
		"percentiles1": {
			"total": 930,
			"ok": 930,
			"ko": -1
		},
		"percentiles2": {
			"total": 1180,
			"ok": 1180,
			"ko": -1
		},
		"group1": {
			"name": "t < 800 ms",
			"count": 75,
			"percentage": 4
		},
		"group2": {
			"name": "800 ms < t < 1200 ms",
			"count": 1691,
			"percentage": 94
		},
		"group3": {
			"name": "t > 1200 ms",
			"count": 16,
			"percentage": 0
		},
		"group4": {
			"name": "failed",
			"count": 0,
			"percentage": 0
		},
		"meanNumberOfRequestsPerSecond": {
			"total": 29,
			"ok": 29,
			"ko": -1
		}
	}