	{
		"name": "Global Information",
		"numberOfRequests": {
			"total": 1776,
			"ok": 1776,
			"ko": 0
		},
		"minResponseTime": {
			"total": 150,
			"ok": 150,
			"ko": -1
		},
		"maxResponseTime": {
			"total": 1810,
			"ok": 1810,
			"ko": -1
		},
		"meanResponseTime": {
			"total": 506,
			"ok": 506,
			"ko": -1
		},
		"standardDeviation": {
			"total": 103,
			"ok": 103,
			"ko": -1
		},
		"percentiles1": {
			"total": 550,
			"ok": 550,
			"ko": -1
		},
		"percentiles2": {
			"total": 650,
			"ok": 650,
			"ko": -1
		},
		"group1": {
			"name": "t < 800 ms",
			"count": 1761,
			"percentage": 99
		},
		"group2": {
			"name": "800 ms < t < 1200 ms",
			"count": 0,
			"percentage": 0
		},
		"group3": {
			"name": "t > 1200 ms",
			"count": 15,
			"percentage": 0
		},
		"group4": {
			"name": "failed",
			"count": 0,
			"percentage": 0
		},
		"meanNumberOfRequestsPerSecond": {
			"total": 29,
			"ok": 29,
			"ko": -1
		}
	}