	{
		"name": "Global Information",
		"numberOfRequests": {
			"total": 1787,
			"ok": 1787,
			"ko": 0
		},
		"minResponseTime": {
			"total": 60,
			"ok": 60,
			"ko": -1
		},
		"maxResponseTime": {
			"total": 2270,
			"ok": 2270,
			"ko": -1
		},
		"meanResponseTime": {
			"total": 503,
			"ok": 503,
			"ko": -1
		},
		"standardDeviation": {
			"total": 260,
			"ok": 260,
			"ko": -1
		},
		"percentiles1": {
			"total": 890,
			"ok": 890,
			"ko": -1
		},
		"percentiles2": {
			"total": 1240,
			"ok": 1240,
			"ko": -1
		},
		"group1": {
			"name": "t < 800 ms",
			"count": 1611,
			"percentage": 90
		},
		"group2": {
			"name": "800 ms < t < 1200 ms",
			"count": 149,
			"percentage": 8
		},
		"group3": {
			"name": "t > 1200 ms",
			"count": 27,
			"percentage": 1
		},
		"group4": {
			"name": "failed",
			"count": 0,
			"percentage": 0
		},
		"meanNumberOfRequestsPerSecond": {
			"total": 30,
			"ok": 30,
			"ko": -1
		}
	}