	{
		"name": "Global Information",
		"numberOfRequests": {
			"total": 1802,
			"ok": 1802,
			"ko": 0
		},
		"minResponseTime": {
			"total": 820,
			"ok": 820,
			"ko": -1
		},
		"maxResponseTime": {
			"total": 4830,
			"ok": 4830,
			"ko": -1
		},
		"meanResponseTime": {
			"total": 3404,
			"ok": 3404,
			"ko": -1
		},
		"standardDeviation": {
			"total": 304,
			"ok": 304,
			"ko": -1
		},
		"percentiles1": {
			"total": 3640,
			"ok": 3640,
			"ko": -1
		},
		"percentiles2": {
			"total": 4100,
			"ok": 4100,
			"ko": -1
		},
		"group1": {
			"name": "t < 800 ms",
			"count": 0,
			"percentage": 0
		},
		"group2": {
			"name": "800 ms < t < 1200 ms",
			"count": 9,
			"percentage": 0
		},
		"group3": {
			"name": "t > 1200 ms",
			"count": 1793,
			"percentage": 99
		},
		"group4": {
			"name": "failed",
			"count": 0,
			"percentage": 0
		},
		"meanNumberOfRequestsPerSecond": {
			"total": 28,
			"ok": 28,
			"ko": -1
		}
	}