{
"N": "Request-61",
"Th": "http-bio-8080-exec-4",
"C": "red",
"S": "Start",
"T": "40625"
},
{
"N": "Request-61",
"Th": "http-bio-8080-exec-4",
"C": "red",
"S": "Stop",
"T": "41180"
},
{
"N": "Request-60",
"Th": "http-bio-8080-exec-3",
"C": "purple",
"S": "Start",
"T": "40623"
},
{
"N": "Request-60",
"Th": "http-bio-8080-exec-3",
"C": "purple",
"S": "Stop",
"T": "41184"
},
{
"N": "Request-59",
"Th": "http-bio-8080-exec-1",
"C": "olive",
"S": "Start",
"T": "40622"
},
{
"N": "Request-59",
"Th": "http-bio-8080-exec-1",
"C": "olive",
"S": "Stop",
"T": "41218"
},
{
"N": "Request-62",
"Th": "http-bio-8080-exec-3",
"C": "silver",
"S": "Start",
"T": "41187"
},
{
"N": "Request-62",
"Th": "http-bio-8080-exec-3",
"C": "silver",
"S": "Stop",
"T": "41764"
},
{
"N": "Request-63",
"Th": "http-bio-8080-exec-1",
"C": "teal",
"S": "Start",
"T": "41249"
},
{
"N": "Request-63",
"Th": "http-bio-8080-exec-1",
"C": "teal",
"S": "Stop",
"T": "41820"
},
{
"N": "Request-64",
"Th": "http-bio-8080-exec-4",
"C": "yellow",
"S": "Start",
"T": "41281"
},
{
"N": "Request-64",
"Th": "http-bio-8080-exec-4",
"C": "yellow",
"S": "Stop",
"T": "41874"
},
{
"N": "Request-65",
"Th": "http-bio-8080-exec-3",
"C": "aqua",
"S": "Start",
"T": "41770"
},
{
"N": "Request-65",
"Th": "http-bio-8080-exec-3",
"C": "aqua",
"S": "Stop",
"T": "42349"
},
{
"N": "Request-66",
"Th": "http-bio-8080-exec-1",
"C": "blue",
"S": "Start",
"T": "41828"
},
{
"N": "Request-66",
"Th": "http-bio-8080-exec-1",
"C": "blue",
"S": "Stop",
"T": "42427"
},
{
"N": "Request-67",
"Th": "http-bio-8080-exec-4",
"C": "fuchsia",
"S": "Start",
"T": "41880"
},
{
"N": "Request-67",
"Th": "http-bio-8080-exec-4",
"C": "fuchsia",
"S": "Stop",
"T": "42450"
},
{
"N": "Request-68",
"Th": "http-bio-8080-exec-3",
"C": "gray",
"S": "Start",
"T": "42355"
},
{
"N": "Request-68",
"Th": "http-bio-8080-exec-3",
"C": "gray",
"S": "Stop",
"T": "42960"
},
{
"N": "Request-69",
"Th": "http-bio-8080-exec-1",
"C": "green",
"S": "Start",
"T": "42430"
},
{
"N": "Request-69",
"Th": "http-bio-8080-exec-1",
"C": "green",
"S": "Stop",
"T": "42995"
},
{
"N": "Request-70",
"Th": "http-bio-8080-exec-4",
"C": "lime",
"S": "Start",
"T": "42456"
},
{
"N": "Request-70",
"Th": "http-bio-8080-exec-4",
"C": "lime",
"S": "Stop",
"T": "43033"
},
{
"N": "Request-71",
"Th": "http-bio-8080-exec-3",
"C": "maroon",
"S": "Start",
"T": "42964"
},
{
"N": "Request-71",
"Th": "http-bio-8080-exec-3",
"C": "maroon",
"S": "Stop",
"T": "43527"
},
{
"N": "Request-72",
"Th": "http-bio-8080-exec-1",
"C": "olive",
"S": "Start",
"T": "42999"
},
{
"N": "Request-72",
"Th": "http-bio-8080-exec-1",
"C": "olive",
"S": "Stop",
"T": "43563"
},
{
"N": "Request-73",
"Th": "http-bio-8080-exec-4",
"C": "purple",
"S": "Start",
"T": "43037"
},
{
"N": "Request-73",
"Th": "http-bio-8080-exec-4",
"C": "purple",
"S": "Stop",
"T": "43601"
},
{
"N": "Request-74",
"Th": "http-bio-8080-exec-3",
"C": "red",
"S": "Start",
"T": "43531"
},
{
"N": "Request-74",
"Th": "http-bio-8080-exec-3",
"C": "red",
"S": "Stop",
"T": "44091"
},
{
"N": "Request-75",
"Th": "http-bio-8080-exec-1",
"C": "silver",
"S": "Start",
"T": "43569"
},
{
"N": "Request-75",
"Th": "http-bio-8080-exec-1",
"C": "silver",
"S": "Stop",
"T": "44152"
},
{
"N": "Request-76",
"Th": "http-bio-8080-exec-4",
"C": "teal",
"S": "Start",
"T": "43606"
},
{
"N": "Request-76",
"Th": "http-bio-8080-exec-4",
"C": "teal",
"S": "Stop",
"T": "44162"
},
{
"N": "Request-77",
"Th": "http-bio-8080-exec-3",
"C": "yellow",
"S": "Start",
"T": "44097"
},
{
"N": "Request-77",
"Th": "http-bio-8080-exec-3",
"C": "yellow",
"S": "Stop",
"T": "44679"
},
{
"N": "Request-78",
"Th": "http-bio-8080-exec-1",
"C": "aqua",
"S": "Start",
"T": "44155"
},
{
"N": "Request-78",
"Th": "http-bio-8080-exec-1",
"C": "aqua",
"S": "Stop",
"T": "44722"
},
{
"N": "Request-79",
"Th": "http-bio-8080-exec-4",
"C": "blue",
"S": "Start",
"T": "44167"
},
{
"N": "Request-79",
"Th": "http-bio-8080-exec-4",
"C": "blue",
"S": "Stop",
"T": "44732"
},
{
"N": "Request-80",
"Th": "http-bio-8080-exec-3",
"C": "fuchsia",
"S": "Start",
"T": "44682"
},
{
"N": "Request-80",
"Th": "http-bio-8080-exec-3",
"C": "fuchsia",
"S": "Stop",
"T": "45242"
},
{
"N": "Request-81",
"Th": "http-bio-8080-exec-1",
"C": "gray",
"S": "Start",
"T": "44727"
},
{
"N": "Request-81",
"Th": "http-bio-8080-exec-1",
"C": "gray",
"S": "Stop",
"T": "45288"
},
{
"N": "Request-82",
"Th": "http-bio-8080-exec-4",
"C": "green",
"S": "Start",
"T": "44736"
},
{
"N": "Request-82",
"Th": "http-bio-8080-exec-4",
"C": "green",
"S": "Stop",
"T": "45306"
},
{
"N": "Request-83",
"Th": "http-bio-8080-exec-3",
"C": "lime",
"S": "Start",
"T": "45248"
},
{
"N": "Request-83",
"Th": "http-bio-8080-exec-3",
"C": "lime",
"S": "Stop",
"T": "45812"
},
{
"N": "Request-84",
"Th": "http-bio-8080-exec-1",
"C": "maroon",
"S": "Start",
"T": "45294"
},
{
"N": "Request-84",
"Th": "http-bio-8080-exec-1",
"C": "maroon",
"S": "Stop",
"T": "45850"
},
{
"N": "Request-85",
"Th": "http-bio-8080-exec-4",
"C": "olive",
"S": "Start",
"T": "45311"
},
{
"N": "Request-85",
"Th": "http-bio-8080-exec-4",
"C": "olive",
"S": "Stop",
"T": "45861"
},
{
"N": "Request-87",
"Th": "http-bio-8080-exec-1",
"C": "red",
"S": "Start",
"T": "45853"
},
{
"N": "Request-87",
"Th": "http-bio-8080-exec-1",
"C": "red",
"S": "Stop",
"T": "46410"
},
{
"N": "Request-88",
"Th": "http-bio-8080-exec-4",
"C": "silver",
"S": "Start",
"T": "45864"
},
{
"N": "Request-88",
"Th": "http-bio-8080-exec-4",
"C": "silver",
"S": "Stop",
"T": "46418"
},
{
"N": "Request-86",
"Th": "http-bio-8080-exec-3",
"C": "purple",
"S": "Start",
"T": "45816"
},
{
"N": "Request-86",
"Th": "http-bio-8080-exec-3",
"C": "purple",
"S": "Stop",
"T": "46422"
},
{
"N": "Request-90",
"Th": "http-bio-8080-exec-4",
"C": "yellow",
"S": "Start",
"T": "46424"
},
{
"N": "Request-90",
"Th": "http-bio-8080-exec-4",
"C": "yellow",
"S": "Stop",
"T": "46987"
},
{
"N": "Request-91",
"Th": "http-bio-8080-exec-3",
"C": "aqua",
"S": "Start",
"T": "46425"
},
{
"N": "Request-91",
"Th": "http-bio-8080-exec-3",
"C": "aqua",
"S": "Stop",
"T": "46987"
},
{
"N": "Request-89",
"Th": "http-bio-8080-exec-1",
"C": "teal",
"S": "Start",
"T": "46414"
},
{
"N": "Request-89",
"Th": "http-bio-8080-exec-1",
"C": "teal",
"S": "Stop",
"T": "47022"
},
{
"N": "Request-92",
"Th": "http-bio-8080-exec-2",
"C": "blue",
"S": "Start",
"T": "46843"
},
{
"N": "Request-92",
"Th": "http-bio-8080-exec-2",
"C": "blue",
"S": "Stop",
"T": "47422"
},
{
"N": "Request-94",
"Th": "http-bio-8080-exec-4",
"C": "gray",
"S": "Start",
"T": "46992"
},
{
"N": "Request-94",
"Th": "http-bio-8080-exec-4",
"C": "gray",
"S": "Stop",
"T": "47586"
},
{
"N": "Request-93",
"Th": "http-bio-8080-exec-3",
"C": "fuchsia",
"S": "Start",
"T": "46993"
},
{
"N": "Request-93",
"Th": "http-bio-8080-exec-3",
"C": "fuchsia",
"S": "Stop",
"T": "47603"
},
{
"N": "Request-95",
"Th": "http-bio-8080-exec-1",
"C": "green",
"S": "Start",
"T": "47027"
},
{
"N": "Request-95",
"Th": "http-bio-8080-exec-1",
"C": "green",
"S": "Stop",
"T": "47644"
},
{
"N": "Request-96",
"Th": "http-bio-8080-exec-2",
"C": "lime",
"S": "Start",
"T": "47438"
},
{
"N": "Request-96",
"Th": "http-bio-8080-exec-2",
"C": "lime",
"S": "Stop",
"T": "48034"
},
{
"N": "Request-97",
"Th": "http-bio-8080-exec-4",
"C": "maroon",
"S": "Start",
"T": "47594"
},
{
"N": "Request-97",
"Th": "http-bio-8080-exec-4",
"C": "maroon",
"S": "Stop",
"T": "48208"
},
{
"N": "Request-98",
"Th": "http-bio-8080-exec-3",
"C": "olive",
"S": "Start",
"T": "47608"
},
{
"N": "Request-98",
"Th": "http-bio-8080-exec-3",
"C": "olive",
"S": "Stop",
"T": "48231"
},
{
"N": "Request-99",
"Th": "http-bio-8080-exec-1",
"C": "purple",
"S": "Start",
"T": "47648"
},
{
"N": "Request-99",
"Th": "http-bio-8080-exec-1",
"C": "purple",
"S": "Stop",
"T": "48255"
},
{
"N": "Request-100",
"Th": "http-bio-8080-exec-2",
"C": "red",
"S": "Start",
"T": "48045"
},
{
"N": "Request-100",
"Th": "http-bio-8080-exec-2",
"C": "red",
"S": "Stop",
"T": "48651"
},
{
"N": "Request-102",
"Th": "http-bio-8080-exec-3",
"C": "teal",
"S": "Start",
"T": "48235"
},
{
"N": "Request-102",
"Th": "http-bio-8080-exec-3",
"C": "teal",
"S": "Stop",
"T": "48833"
},
{
"N": "Request-101",
"Th": "http-bio-8080-exec-4",
"C": "silver",
"S": "Start",
"T": "48214"
},
{
"N": "Request-101",
"Th": "http-bio-8080-exec-4",
"C": "silver",
"S": "Stop",
"T": "48838"
},
{
"N": "Request-103",
"Th": "http-bio-8080-exec-1",
"C": "yellow",
"S": "Start",
"T": "48259"
},
{
"N": "Request-103",
"Th": "http-bio-8080-exec-1",
"C": "yellow",
"S": "Stop",
"T": "48902"
},
{
"N": "Request-104",
"Th": "http-bio-8080-exec-2",
"C": "aqua",
"S": "Start",
"T": "48658"
},
{
"N": "Request-104",
"Th": "http-bio-8080-exec-2",
"C": "aqua",
"S": "Stop",
"T": "49283"
},
{
"N": "Request-106",
"Th": "http-bio-8080-exec-4",
"C": "fuchsia",
"S": "Start",
"T": "48842"
},
{
"N": "Request-106",
"Th": "http-bio-8080-exec-4",
"C": "fuchsia",
"S": "Stop",
"T": "49463"
},
{
"N": "Request-105",
"Th": "http-bio-8080-exec-3",
"C": "blue",
"S": "Start",
"T": "48837"
},
{
"N": "Request-105",
"Th": "http-bio-8080-exec-3",
"C": "blue",
"S": "Stop",
"T": "49469"
},
{
"N": "Request-107",
"Th": "http-bio-8080-exec-1",
"C": "gray",
"S": "Start",
"T": "48908"
},
{
"N": "Request-107",
"Th": "http-bio-8080-exec-1",
"C": "gray",
"S": "Stop",
"T": "49532"
},
{
"N": "Request-108",
"Th": "http-bio-8080-exec-2",
"C": "green",
"S": "Start",
"T": "49287"
},
{
"N": "Request-108",
"Th": "http-bio-8080-exec-2",
"C": "green",
"S": "Stop",
"T": "49903"
},
{
"N": "Request-109",
"Th": "http-bio-8080-exec-4",
"C": "lime",
"S": "Start",
"T": "49470"
},
{
"N": "Request-109",
"Th": "http-bio-8080-exec-4",
"C": "lime",
"S": "Stop",
"T": "50077"
},
{
"N": "Request-110",
"Th": "http-bio-8080-exec-3",
"C": "maroon",
"S": "Start",
"T": "49472"
},
{
"N": "Request-110",
"Th": "http-bio-8080-exec-3",
"C": "maroon",
"S": "Stop",
"T": "50089"
},
{
"N": "Request-111",
"Th": "http-bio-8080-exec-1",
"C": "olive",
"S": "Start",
"T": "49535"
},
{
"N": "Request-111",
"Th": "http-bio-8080-exec-1",
"C": "olive",
"S": "Stop",
"T": "50182"
},
{
"N": "Request-112",
"Th": "http-bio-8080-exec-2",
"C": "purple",
"S": "Start",
"T": "49908"
},
{
"N": "Request-112",
"Th": "http-bio-8080-exec-2",
"C": "purple",
"S": "Stop",
"T": "50611"
},
{
"N": "Request-114",
"Th": "http-bio-8080-exec-3",
"C": "silver",
"S": "Start",
"T": "50092"
},
{
"N": "Request-114",
"Th": "http-bio-8080-exec-3",
"C": "silver",
"S": "Stop",
"T": "50759"
},
{
"N": "Request-113",
"Th": "http-bio-8080-exec-4",
"C": "red",
"S": "Start",
"T": "50082"
},
{
"N": "Request-113",
"Th": "http-bio-8080-exec-4",
"C": "red",
"S": "Stop",
"T": "50778"
},
{
"N": "Request-115",
"Th": "http-bio-8080-exec-1",
"C": "teal",
"S": "Start",
"T": "50185"
},
{
"N": "Request-115",
"Th": "http-bio-8080-exec-1",
"C": "teal",
"S": "Stop",
"T": "50886"
},
{
"N": "Request-116",
"Th": "http-bio-8080-exec-2",
"C": "yellow",
"S": "Start",
"T": "50615"
},
{
"N": "Request-116",
"Th": "http-bio-8080-exec-2",
"C": "yellow",
"S": "Stop",
"T": "51271"
},
{
"N": "Request-118",
"Th": "http-bio-8080-exec-4",
"C": "blue",
"S": "Start",
"T": "50783"
},
{
"N": "Request-118",
"Th": "http-bio-8080-exec-4",
"C": "blue",
"S": "Stop",
"T": "51451"
},
{
"N": "Request-117",
"Th": "http-bio-8080-exec-3",
"C": "aqua",
"S": "Start",
"T": "50763"
},
{
"N": "Request-117",
"Th": "http-bio-8080-exec-3",
"C": "aqua",
"S": "Stop",
"T": "51480"
},
{
"N": "Request-119",
"Th": "http-bio-8080-exec-1",
"C": "fuchsia",
"S": "Start",
"T": "50891"
},
{
"N": "Request-119",
"Th": "http-bio-8080-exec-1",
"C": "fuchsia",
"S": "Stop",
"T": "51583"
},
{
"N": "Request-120",
"Th": "http-bio-8080-exec-2",
"C": "gray",
"S": "Start",
"T": "51275"
},
{
"N": "Request-120",
"Th": "http-bio-8080-exec-2",
"C": "gray",
"S": "Stop",
"T": "51955"
},
{
"N": "Request-121",
"Th": "http-bio-8080-exec-4",
"C": "green",
"S": "Start",
"T": "51455"
},
{
"N": "Request-121",
"Th": "http-bio-8080-exec-4",
"C": "green",
"S": "Stop",
"T": "52130"
},
{
"N": "Request-122",
"Th": "http-bio-8080-exec-3",
"C": "lime",
"S": "Start",
"T": "51486"
},
{
"N": "Request-122",
"Th": "http-bio-8080-exec-3",
"C": "lime",
"S": "Stop",
"T": "52160"
},
{
"N": "Request-123",
"Th": "http-bio-8080-exec-1",
"C": "maroon",
"S": "Start",
"T": "51587"
},
{
"N": "Request-123",
"Th": "http-bio-8080-exec-1",
"C": "maroon",
"S": "Stop",
"T": "52272"
},
{
"N": "Request-124",
"Th": "http-bio-8080-exec-2",
"C": "olive",
"S": "Start",
"T": "51960"
},
{
"N": "Request-124",
"Th": "http-bio-8080-exec-2",
"C": "olive",
"S": "Stop",
"T": "52641"
},
{
"N": "Request-125",
"Th": "http-bio-8080-exec-4",
"C": "purple",
"S": "Start",
"T": "52136"
},
{
"N": "Request-125",
"Th": "http-bio-8080-exec-4",
"C": "purple",
"S": "Stop",
"T": "52799"
},
{
"N": "Request-126",
"Th": "http-bio-8080-exec-3",
"C": "red",
"S": "Start",
"T": "52163"
},
{
"N": "Request-126",
"Th": "http-bio-8080-exec-3",
"C": "red",
"S": "Stop",
"T": "52853"
},
{
"N": "Request-127",
"Th": "http-bio-8080-exec-1",
"C": "silver",
"S": "Start",
"T": "52278"
},
{
"N": "Request-127",
"Th": "http-bio-8080-exec-1",
"C": "silver",
"S": "Stop",
"T": "52986"
},
{
"N": "Request-128",
"Th": "http-bio-8080-exec-2",
"C": "teal",
"S": "Start",
"T": "52644"
},
{
"N": "Request-128",
"Th": "http-bio-8080-exec-2",
"C": "teal",
"S": "Stop",
"T": "53307"
},
{
"N": "Request-129",
"Th": "http-bio-8080-exec-4",
"C": "yellow",
"S": "Start",
"T": "52802"
},
{
"N": "Request-129",
"Th": "http-bio-8080-exec-4",
"C": "yellow",
"S": "Stop",
"T": "53524"
},
{
"N": "Request-130",
"Th": "http-bio-8080-exec-3",
"C": "aqua",
"S": "Start",
"T": "52857"
},
{
"N": "Request-130",
"Th": "http-bio-8080-exec-3",
"C": "aqua",
"S": "Stop",
"T": "53574"
},
{
"N": "Request-131",
"Th": "http-bio-8080-exec-1",
"C": "blue",
"S": "Start",
"T": "52992"
},
{
"N": "Request-131",
"Th": "http-bio-8080-exec-1",
"C": "blue",
"S": "Stop",
"T": "53725"
},
{
"N": "Request-132",
"Th": "http-bio-8080-exec-2",
"C": "fuchsia",
"S": "Start",
"T": "53312"
},
{
"N": "Request-132",
"Th": "http-bio-8080-exec-2",
"C": "fuchsia",
"S": "Stop",
"T": "54105"
},
{
"N": "Request-133",
"Th": "http-bio-8080-exec-4",
"C": "gray",
"S": "Start",
"T": "53528"
},
{
"N": "Request-133",
"Th": "http-bio-8080-exec-4",
"C": "gray",
"S": "Stop",
"T": "54235"
},
{
"N": "Request-134",
"Th": "http-bio-8080-exec-3",
"C": "green",
"S": "Start",
"T": "53579"
},
{
"N": "Request-134",
"Th": "http-bio-8080-exec-3",
"C": "green",
"S": "Stop",
"T": "54317"
},
{
"N": "Request-135",
"Th": "http-bio-8080-exec-1",
"C": "lime",
"S": "Start",
"T": "53733"
},
{
"N": "Request-135",
"Th": "http-bio-8080-exec-1",
"C": "lime",
"S": "Stop",
"T": "54450"
},
{
"N": "Request-136",
"Th": "http-bio-8080-exec-2",
"C": "maroon",
"S": "Start",
"T": "54108"
},
{
"N": "Request-136",
"Th": "http-bio-8080-exec-2",
"C": "maroon",
"S": "Stop",
"T": "54765"
},
{
"N": "Request-137",
"Th": "http-bio-8080-exec-4",
"C": "olive",
"S": "Start",
"T": "54241"
},
{
"N": "Request-137",
"Th": "http-bio-8080-exec-4",
"C": "olive",
"S": "Stop",
"T": "54900"
},
{
"N": "Request-138",
"Th": "http-bio-8080-exec-3",
"C": "purple",
"S": "Start",
"T": "54320"
},
{
"N": "Request-138",
"Th": "http-bio-8080-exec-3",
"C": "purple",
"S": "Stop",
"T": "54979"
},
{
"N": "Request-139",
"Th": "http-bio-8080-exec-1",
"C": "red",
"S": "Start",
"T": "54455"
},
{
"N": "Request-139",
"Th": "http-bio-8080-exec-1",
"C": "red",
"S": "Stop",
"T": "55144"
},
{
"N": "Request-140",
"Th": "http-bio-8080-exec-2",
"C": "silver",
"S": "Start",
"T": "54768"
},
{
"N": "Request-140",
"Th": "http-bio-8080-exec-2",
"C": "silver",
"S": "Stop",
"T": "55475"
},
{
"N": "Request-141",
"Th": "http-bio-8080-exec-4",
"C": "teal",
"S": "Start",
"T": "54904"
},
{
"N": "Request-141",
"Th": "http-bio-8080-exec-4",
"C": "teal",
"S": "Stop",
"T": "55614"
},
{
"N": "Request-142",
"Th": "http-bio-8080-exec-3",
"C": "yellow",
"S": "Start",
"T": "54984"
},
{
"N": "Request-142",
"Th": "http-bio-8080-exec-3",
"C": "yellow",
"S": "Stop",
"T": "55692"
},
{
"N": "Request-143",
"Th": "http-bio-8080-exec-1",
"C": "aqua",
"S": "Start",
"T": "55151"
},
{
"N": "Request-143",
"Th": "http-bio-8080-exec-1",
"C": "aqua",
"S": "Stop",
"T": "55895"
},
{
"N": "Request-144",
"Th": "http-bio-8080-exec-2",
"C": "blue",
"S": "Start",
"T": "55479"
},
{
"N": "Request-144",
"Th": "http-bio-8080-exec-2",
"C": "blue",
"S": "Stop",
"T": "56268"
},
{
"N": "Request-145",
"Th": "http-bio-8080-exec-4",
"C": "fuchsia",
"S": "Start",
"T": "55627"
},
{
"N": "Request-145",
"Th": "http-bio-8080-exec-4",
"C": "fuchsia",
"S": "Stop",
"T": "56389"
},
{
"N": "Request-146",
"Th": "http-bio-8080-exec-3",
"C": "gray",
"S": "Start",
"T": "55697"
},
{
"N": "Request-146",
"Th": "http-bio-8080-exec-3",
"C": "gray",
"S": "Stop",
"T": "56453"
},
{
"N": "Request-147",
"Th": "http-bio-8080-exec-1",
"C": "green",
"S": "Start",
"T": "55900"
},
{
"N": "Request-147",
"Th": "http-bio-8080-exec-1",
"C": "green",
"S": "Stop",
"T": "56732"
},
{
"N": "Request-148",
"Th": "http-bio-8080-exec-2",
"C": "lime",
"S": "Start",
"T": "56272"
},
{
"N": "Request-148",
"Th": "http-bio-8080-exec-2",
"C": "lime",
"S": "Stop",
"T": "57252"
},
{
"N": "Request-149",
"Th": "http-bio-8080-exec-4",
"C": "maroon",
"S": "Start",
"T": "56393"
},
{
"N": "Request-149",
"Th": "http-bio-8080-exec-4",
"C": "maroon",
"S": "Stop",
"T": "57427"
},
{
"N": "Request-150",
"Th": "http-bio-8080-exec-3",
"C": "olive",
"S": "Start",
"T": "56456"
},
{
"N": "Request-150",
"Th": "http-bio-8080-exec-3",
"C": "olive",
"S": "Stop",
"T": "57530"
},
{
"N": "Request-151",
"Th": "http-bio-8080-exec-1",
"C": "purple",
"S": "Start",
"T": "56736"
},
{
"N": "Request-151",
"Th": "http-bio-8080-exec-1",
"C": "purple",
"S": "Stop",
"T": "57737"
},
{
"N": "Request-152",
"Th": "http-bio-8080-exec-2",
"C": "red",
"S": "Start",
"T": "57266"
},
{
"N": "Request-152",
"Th": "http-bio-8080-exec-2",
"C": "red",
"S": "Stop",
"T": "58065"
},
{
"N": "Request-153",
"Th": "http-bio-8080-exec-4",
"C": "silver",
"S": "Start",
"T": "57435"
},
{
"N": "Request-153",
"Th": "http-bio-8080-exec-4",
"C": "silver",
"S": "Stop",
"T": "58211"
},
{
"N": "Request-154",
"Th": "http-bio-8080-exec-3",
"C": "teal",
"S": "Start",
"T": "57535"
},
{
"N": "Request-154",
"Th": "http-bio-8080-exec-3",
"C": "teal",
"S": "Stop",
"T": "58300"
},
{
"N": "Request-155",
"Th": "http-bio-8080-exec-1",
"C": "yellow",
"S": "Start",
"T": "57740"
},
{
"N": "Request-155",
"Th": "http-bio-8080-exec-1",
"C": "yellow",
"S": "Stop",
"T": "58604"
},
{
"N": "Request-156",
"Th": "http-bio-8080-exec-2",
"C": "aqua",
"S": "Start",
"T": "58074"
},
{
"N": "Request-156",
"Th": "http-bio-8080-exec-2",
"C": "aqua",
"S": "Stop",
"T": "58883"
},
{
"N": "Request-157",
"Th": "http-bio-8080-exec-4",
"C": "blue",
"S": "Start",
"T": "58216"
},
{
"N": "Request-157",
"Th": "http-bio-8080-exec-4",
"C": "blue",
"S": "Stop",
"T": "59049"
},
{
"N": "Request-158",
"Th": "http-bio-8080-exec-3",
"C": "fuchsia",
"S": "Start",
"T": "58305"
},
{
"N": "Request-158",
"Th": "http-bio-8080-exec-3",
"C": "fuchsia",
"S": "Stop",
"T": "59112"
},
{
"N": "Request-159",
"Th": "http-bio-8080-exec-1",
"C": "gray",
"S": "Start",
"T": "58610"
},
{
"N": "Request-159",
"Th": "http-bio-8080-exec-1",
"C": "gray",
"S": "Stop",
"T": "59419"
},
{
"N": "Request-160",
"Th": "http-bio-8080-exec-2",
"C": "green",
"S": "Start",
"T": "58889"
},
{
"N": "Request-160",
"Th": "http-bio-8080-exec-2",
"C": "green",
"S": "Stop",
"T": "59669"
},
{
"N": "Request-161",
"Th": "http-bio-8080-exec-4",
"C": "lime",
"S": "Start",
"T": "59054"
},
{
"N": "Request-161",
"Th": "http-bio-8080-exec-4",
"C": "lime",
"S": "Stop",
"T": "59822"
},
{
"N": "Request-162",
"Th": "http-bio-8080-exec-3",
"C": "maroon",
"S": "Start",
"T": "59116"
},
{
"N": "Request-162",
"Th": "http-bio-8080-exec-3",
"C": "maroon",
"S": "Stop",
"T": "59903"
},
{
"N": "Request-163",
"Th": "http-bio-8080-exec-1",
"C": "olive",
"S": "Start",
"T": "59424"
},
{
"N": "Request-163",
"Th": "http-bio-8080-exec-1",
"C": "olive",
"S": "Stop",
"T": "60252"
},
{
"N": "Request-164",
"Th": "http-bio-8080-exec-2",
"C": "purple",
"S": "Start",
"T": "59674"
},
{
"N": "Request-164",
"Th": "http-bio-8080-exec-2",
"C": "purple",
"S": "Stop",
"T": "60451"
},
{
"N": "Request-165",
"Th": "http-bio-8080-exec-4",
"C": "red",
"S": "Start",
"T": "59833"
},
{
"N": "Request-165",
"Th": "http-bio-8080-exec-4",
"C": "red",
"S": "Stop",
"T": "60594"
},
{
"N": "Request-166",
"Th": "http-bio-8080-exec-3",
"C": "silver",
"S": "Start",
"T": "59908"
},
{
"N": "Request-166",
"Th": "http-bio-8080-exec-3",
"C": "silver",
"S": "Stop",
"T": "60643"
},
{
"N": "Request-167",
"Th": "http-bio-8080-exec-1",
"C": "teal",
"S": "Start",
"T": "60256"
},
{
"N": "Request-167",
"Th": "http-bio-8080-exec-1",
"C": "teal",
"S": "Stop",
"T": "61143"
},
{
"N": "Request-168",
"Th": "http-bio-8080-exec-2",
"C": "yellow",
"S": "Start",
"T": "60456"
},
{
"N": "Request-168",
"Th": "http-bio-8080-exec-2",
"C": "yellow",
"S": "Stop",
"T": "61353"
},
{
"N": "Request-169",
"Th": "http-bio-8080-exec-4",
"C": "aqua",
"S": "Start",
"T": "60599"
},
{
"N": "Request-169",
"Th": "http-bio-8080-exec-4",
"C": "aqua",
"S": "Stop",
"T": "61510"
},
{
"N": "Request-170",
"Th": "http-bio-8080-exec-3",
"C": "blue",
"S": "Start",
"T": "60647"
},
{
"N": "Request-170",
"Th": "http-bio-8080-exec-3",
"C": "blue",
"S": "Stop",
"T": "61560"
},
{
"N": "Request-171",
"Th": "http-bio-8080-exec-1",
"C": "fuchsia",
"S": "Start",
"T": "61148"
},
{
"N": "Request-171",
"Th": "http-bio-8080-exec-1",
"C": "fuchsia",
"S": "Stop",
"T": "62033"
},
{
"N": "Request-172",
"Th": "http-bio-8080-exec-2",
"C": "gray",
"S": "Start",
"T": "61357"
},
{
"N": "Request-172",
"Th": "http-bio-8080-exec-2",
"C": "gray",
"S": "Stop",
"T": "62253"
},
{
"N": "Request-173",
"Th": "http-bio-8080-exec-4",
"C": "green",
"S": "Start",
"T": "61520"
},
{
"N": "Request-173",
"Th": "http-bio-8080-exec-4",
"C": "green",
"S": "Stop",
"T": "62336"
},
{
"N": "Request-174",
"Th": "http-bio-8080-exec-3",
"C": "lime",
"S": "Start",
"T": "61564"
},
{
"N": "Request-174",
"Th": "http-bio-8080-exec-3",
"C": "lime",
"S": "Stop",
"T": "62353"
},
