{
"N": "Task-108-0",
"Th": "ForkJoinPool-1-worker-4",
"C": "green",
"S": "Start",
"T": "46638"
},
{
"N": "Task-108-0",
"Th": "ForkJoinPool-1-worker-4",
"C": "green",
"S": "Stop",
"T": "46871"
},
{
"N": "Task-108-1",
"Th": "ForkJoinPool-1-worker-6",
"C": "green",
"S": "Start",
"T": "46639"
},
{
"N": "Task-108-1",
"Th": "ForkJoinPool-1-worker-6",
"C": "green",
"S": "Stop",
"T": "46877"
},
{
"N": "Task-108-2",
"Th": "ForkJoinPool-1-worker-5",
"C": "green",
"S": "Start",
"T": "46640"
},
{
"N": "Task-108-2",
"Th": "ForkJoinPool-1-worker-5",
"C": "green",
"S": "Stop",
"T": "46878"
},
{
"N": "Task-108-3",
"Th": "ForkJoinPool-1-worker-2",
"C": "green",
"S": "Start",
"T": "46638"
},
{
"N": "Task-108-3",
"Th": "ForkJoinPool-1-worker-2",
"C": "green",
"S": "Stop",
"T": "46873"
},
{
"N": "MasterTask-108",
"Th": "ForkJoinPool-1-worker-2",
"C": "green",
"S": "Start",
"T": "46637"
},
{
"N": "MasterTask-108",
"Th": "ForkJoinPool-1-worker-2",
"C": "green",
"S": "Stop",
"T": "46879"
},
{
"N": "Request-108",
"Th": "http-bio-8080-exec-1",
"C": "green",
"S": "Start",
"T": "46635"
},
{
"N": "Request-108",
"Th": "http-bio-8080-exec-1",
"C": "green",
"S": "Stop",
"T": "46879"
},
{
"N": "Task-109-0",
"Th": "ForkJoinPool-1-worker-6",
"C": "lime",
"S": "Start",
"T": "46878"
},
{
"N": "Task-109-0",
"Th": "ForkJoinPool-1-worker-6",
"C": "lime",
"S": "Stop",
"T": "47140"
},
{
"N": "Task-109-1",
"Th": "ForkJoinPool-1-worker-5",
"C": "lime",
"S": "Start",
"T": "46879"
},
{
"N": "Task-109-1",
"Th": "ForkJoinPool-1-worker-5",
"C": "lime",
"S": "Stop",
"T": "47139"
},
{
"N": "Task-109-2",
"Th": "ForkJoinPool-1-worker-2",
"C": "lime",
"S": "Start",
"T": "46879"
},
{
"N": "Task-109-2",
"Th": "ForkJoinPool-1-worker-2",
"C": "lime",
"S": "Stop",
"T": "47146"
},
{
"N": "Task-109-3",
"Th": "ForkJoinPool-1-worker-4",
"C": "lime",
"S": "Start",
"T": "46872"
},
{
"N": "Task-109-3",
"Th": "ForkJoinPool-1-worker-4",
"C": "lime",
"S": "Stop",
"T": "47137"
},
{
"N": "MasterTask-109",
"Th": "ForkJoinPool-1-worker-4",
"C": "lime",
"S": "Start",
"T": "46871"
},
{
"N": "MasterTask-109",
"Th": "ForkJoinPool-1-worker-4",
"C": "lime",
"S": "Stop",
"T": "47146"
},
{
"N": "Request-109",
"Th": "http-bio-8080-exec-2",
"C": "lime",
"S": "Start",
"T": "46637"
},
{
"N": "Request-109",
"Th": "http-bio-8080-exec-2",
"C": "lime",
"S": "Stop",
"T": "47147"
},
{
"N": "Task-110-0",
"Th": "ForkJoinPool-1-worker-6",
"C": "maroon",
"S": "Start",
"T": "47141"
},
{
"N": "Task-110-0",
"Th": "ForkJoinPool-1-worker-6",
"C": "maroon",
"S": "Stop",
"T": "47393"
},
{
"N": "Task-110-1",
"Th": "ForkJoinPool-1-worker-2",
"C": "maroon",
"S": "Start",
"T": "47146"
},
{
"N": "Task-110-1",
"Th": "ForkJoinPool-1-worker-2",
"C": "maroon",
"S": "Stop",
"T": "47389"
},
{
"N": "Task-110-2",
"Th": "ForkJoinPool-1-worker-4",
"C": "maroon",
"S": "Start",
"T": "47147"
},
{
"N": "Task-110-2",
"Th": "ForkJoinPool-1-worker-4",
"C": "maroon",
"S": "Stop",
"T": "47385"
},
{
"N": "Task-110-3",
"Th": "ForkJoinPool-1-worker-5",
"C": "maroon",
"S": "Start",
"T": "47140"
},
{
"N": "Task-110-3",
"Th": "ForkJoinPool-1-worker-5",
"C": "maroon",
"S": "Stop",
"T": "47393"
},
{
"N": "MasterTask-110",
"Th": "ForkJoinPool-1-worker-5",
"C": "maroon",
"S": "Start",
"T": "47139"
},
{
"N": "MasterTask-110",
"Th": "ForkJoinPool-1-worker-5",
"C": "maroon",
"S": "Stop",
"T": "47394"
},
{
"N": "Request-110",
"Th": "http-bio-8080-exec-3",
"C": "maroon",
"S": "Start",
"T": "46649"
},
{
"N": "Request-110",
"Th": "http-bio-8080-exec-3",
"C": "maroon",
"S": "Stop",
"T": "47394"
},
{
"N": "Task-111-0",
"Th": "ForkJoinPool-1-worker-2",
"C": "olive",
"S": "Start",
"T": "47389"
},
{
"N": "Task-111-0",
"Th": "ForkJoinPool-1-worker-2",
"C": "olive",
"S": "Stop",
"T": "47635"
},
{
"N": "Task-111-1",
"Th": "ForkJoinPool-1-worker-6",
"C": "olive",
"S": "Start",
"T": "47394"
},
{
"N": "Task-111-1",
"Th": "ForkJoinPool-1-worker-6",
"C": "olive",
"S": "Stop",
"T": "47645"
},
{
"N": "Task-111-2",
"Th": "ForkJoinPool-1-worker-5",
"C": "olive",
"S": "Start",
"T": "47395"
},
{
"N": "Task-111-2",
"Th": "ForkJoinPool-1-worker-5",
"C": "olive",
"S": "Stop",
"T": "47635"
},
{
"N": "Task-111-3",
"Th": "ForkJoinPool-1-worker-4",
"C": "olive",
"S": "Start",
"T": "47386"
},
{
"N": "Task-111-3",
"Th": "ForkJoinPool-1-worker-4",
"C": "olive",
"S": "Stop",
"T": "47627"
},
{
"N": "MasterTask-111",
"Th": "ForkJoinPool-1-worker-4",
"C": "olive",
"S": "Start",
"T": "47385"
},
{
"N": "MasterTask-111",
"Th": "ForkJoinPool-1-worker-4",
"C": "olive",
"S": "Stop",
"T": "47646"
},
{
"N": "Request-111",
"Th": "http-bio-8080-exec-1",
"C": "olive",
"S": "Start",
"T": "46884"
},
{
"N": "Request-111",
"Th": "http-bio-8080-exec-1",
"C": "olive",
"S": "Stop",
"T": "47647"
},
{
"N": "Task-113-0",
"Th": "ForkJoinPool-1-worker-6",
"C": "red",
"S": "Start",
"T": "47646"
},
{
"N": "Task-113-0",
"Th": "ForkJoinPool-1-worker-6",
"C": "red",
"S": "Stop",
"T": "47923"
},
{
"N": "Task-113-1",
"Th": "ForkJoinPool-1-worker-4",
"C": "red",
"S": "Start",
"T": "47911"
},
{
"N": "Task-113-1",
"Th": "ForkJoinPool-1-worker-4",
"C": "red",
"S": "Stop",
"T": "48122"
},
{
"N": "Task-113-2",
"Th": "ForkJoinPool-1-worker-4",
"C": "red",
"S": "Start",
"T": "48122"
},
{
"N": "Task-113-2",
"Th": "ForkJoinPool-1-worker-4",
"C": "red",
"S": "Stop",
"T": "48330"
},
{
"N": "Task-113-3",
"Th": "ForkJoinPool-1-worker-5",
"C": "red",
"S": "Start",
"T": "47636"
},
{
"N": "Task-113-3",
"Th": "ForkJoinPool-1-worker-5",
"C": "red",
"S": "Stop",
"T": "47932"
},
{
"N": "MasterTask-113",
"Th": "ForkJoinPool-1-worker-5",
"C": "red",
"S": "Start",
"T": "47635"
},
{
"N": "MasterTask-113",
"Th": "ForkJoinPool-1-worker-5",
"C": "red",
"S": "Stop",
"T": "48331"
},
{
"N": "Request-113",
"Th": "http-bio-8080-exec-3",
"C": "red",
"S": "Start",
"T": "47402"
},
{
"N": "Request-113",
"Th": "http-bio-8080-exec-3",
"C": "red",
"S": "Stop",
"T": "48331"
},
{
"N": "Task-112-0",
"Th": "ForkJoinPool-1-worker-4",
"C": "purple",
"S": "Start",
"T": "47650"
},
{
"N": "Task-112-0",
"Th": "ForkJoinPool-1-worker-4",
"C": "purple",
"S": "Stop",
"T": "47911"
},
{
"N": "Task-112-1",
"Th": "ForkJoinPool-1-worker-6",
"C": "purple",
"S": "Start",
"T": "47923"
},
{
"N": "Task-112-1",
"Th": "ForkJoinPool-1-worker-6",
"C": "purple",
"S": "Stop",
"T": "48133"
},
{
"N": "Task-112-2",
"Th": "ForkJoinPool-1-worker-6",
"C": "purple",
"S": "Start",
"T": "48133"
},
{
"N": "Task-112-2",
"Th": "ForkJoinPool-1-worker-6",
"C": "purple",
"S": "Stop",
"T": "48340"
},
{
"N": "Task-112-3",
"Th": "ForkJoinPool-1-worker-2",
"C": "purple",
"S": "Start",
"T": "47635"
},
{
"N": "Task-112-3",
"Th": "ForkJoinPool-1-worker-2",
"C": "purple",
"S": "Stop",
"T": "47913"
},
{
"N": "MasterTask-112",
"Th": "ForkJoinPool-1-worker-2",
"C": "purple",
"S": "Start",
"T": "47635"
},
{
"N": "MasterTask-112",
"Th": "ForkJoinPool-1-worker-2",
"C": "purple",
"S": "Stop",
"T": "48341"
},
{
"N": "Request-112",
"Th": "http-bio-8080-exec-2",
"C": "purple",
"S": "Start",
"T": "47157"
},
{
"N": "Request-112",
"Th": "http-bio-8080-exec-2",
"C": "purple",
"S": "Stop",
"T": "48341"
},
{
"N": "Task-114-0",
"Th": "ForkJoinPool-1-worker-5",
"C": "silver",
"S": "Start",
"T": "48334"
},
{
"N": "Task-114-0",
"Th": "ForkJoinPool-1-worker-5",
"C": "silver",
"S": "Stop",
"T": "48583"
},
{
"N": "Task-114-1",
"Th": "ForkJoinPool-1-worker-6",
"C": "silver",
"S": "Start",
"T": "48341"
},
{
"N": "Task-114-1",
"Th": "ForkJoinPool-1-worker-6",
"C": "silver",
"S": "Stop",
"T": "48590"
},
{
"N": "Task-114-2",
"Th": "ForkJoinPool-1-worker-2",
"C": "silver",
"S": "Start",
"T": "48345"
},
{
"N": "Task-114-2",
"Th": "ForkJoinPool-1-worker-2",
"C": "silver",
"S": "Stop",
"T": "48603"
},
{
"N": "Task-114-3",
"Th": "ForkJoinPool-1-worker-4",
"C": "silver",
"S": "Start",
"T": "48331"
},
{
"N": "Task-114-3",
"Th": "ForkJoinPool-1-worker-4",
"C": "silver",
"S": "Stop",
"T": "48578"
},
{
"N": "MasterTask-114",
"Th": "ForkJoinPool-1-worker-4",
"C": "silver",
"S": "Start",
"T": "48330"
},
{
"N": "MasterTask-114",
"Th": "ForkJoinPool-1-worker-4",
"C": "silver",
"S": "Stop",
"T": "48604"
},
{
"N": "Request-114",
"Th": "http-bio-8080-exec-1",
"C": "silver",
"S": "Start",
"T": "47650"
},
{
"N": "Request-114",
"Th": "http-bio-8080-exec-1",
"C": "silver",
"S": "Stop",
"T": "48604"
},
{
"N": "Task-115-0",
"Th": "ForkJoinPool-1-worker-6",
"C": "teal",
"S": "Start",
"T": "48590"
},
{
"N": "Task-115-0",
"Th": "ForkJoinPool-1-worker-6",
"C": "teal",
"S": "Stop",
"T": "48836"
},
{
"N": "Task-115-1",
"Th": "ForkJoinPool-1-worker-2",
"C": "teal",
"S": "Start",
"T": "48603"
},
{
"N": "Task-115-1",
"Th": "ForkJoinPool-1-worker-2",
"C": "teal",
"S": "Stop",
"T": "48849"
},
{
"N": "Task-115-2",
"Th": "ForkJoinPool-1-worker-4",
"C": "teal",
"S": "Start",
"T": "48605"
},
{
"N": "Task-115-2",
"Th": "ForkJoinPool-1-worker-4",
"C": "teal",
"S": "Stop",
"T": "48849"
},
{
"N": "Task-115-3",
"Th": "ForkJoinPool-1-worker-5",
"C": "teal",
"S": "Start",
"T": "48584"
},
{
"N": "Task-115-3",
"Th": "ForkJoinPool-1-worker-5",
"C": "teal",
"S": "Stop",
"T": "48842"
},
{
"N": "MasterTask-115",
"Th": "ForkJoinPool-1-worker-5",
"C": "teal",
"S": "Start",
"T": "48583"
},
{
"N": "MasterTask-115",
"Th": "ForkJoinPool-1-worker-5",
"C": "teal",
"S": "Stop",
"T": "48850"
},
{
"N": "Request-115",
"Th": "http-bio-8080-exec-3",
"C": "teal",
"S": "Start",
"T": "48335"
},
{
"N": "Request-115",
"Th": "http-bio-8080-exec-3",
"C": "teal",
"S": "Stop",
"T": "48850"
},
{
"N": "Task-116-0",
"Th": "ForkJoinPool-1-worker-4",
"C": "yellow",
"S": "Start",
"T": "48849"
},
{
"N": "Task-116-0",
"Th": "ForkJoinPool-1-worker-4",
"C": "yellow",
"S": "Stop",
"T": "49097"
},
{
"N": "Task-116-1",
"Th": "ForkJoinPool-1-worker-2",
"C": "yellow",
"S": "Start",
"T": "48849"
},
{
"N": "Task-116-1",
"Th": "ForkJoinPool-1-worker-2",
"C": "yellow",
"S": "Stop",
"T": "49104"
},
{
"N": "Task-116-2",
"Th": "ForkJoinPool-1-worker-5",
"C": "yellow",
"S": "Start",
"T": "48850"
},
{
"N": "Task-116-2",
"Th": "ForkJoinPool-1-worker-5",
"C": "yellow",
"S": "Stop",
"T": "49102"
},
{
"N": "Task-116-3",
"Th": "ForkJoinPool-1-worker-6",
"C": "yellow",
"S": "Start",
"T": "48837"
},
{
"N": "Task-116-3",
"Th": "ForkJoinPool-1-worker-6",
"C": "yellow",
"S": "Stop",
"T": "49088"
},
{
"N": "MasterTask-116",
"Th": "ForkJoinPool-1-worker-6",
"C": "yellow",
"S": "Start",
"T": "48836"
},
{
"N": "MasterTask-116",
"Th": "ForkJoinPool-1-worker-6",
"C": "yellow",
"S": "Stop",
"T": "49105"
},
{
"N": "Request-116",
"Th": "http-bio-8080-exec-2",
"C": "yellow",
"S": "Start",
"T": "48345"
},
{
"N": "Request-116",
"Th": "http-bio-8080-exec-2",
"C": "yellow",
"S": "Stop",
"T": "49105"
},
{
"N": "Task-117-0",
"Th": "ForkJoinPool-1-worker-5",
"C": "aqua",
"S": "Start",
"T": "49102"
},
{
"N": "Task-117-0",
"Th": "ForkJoinPool-1-worker-5",
"C": "aqua",
"S": "Stop",
"T": "49345"
},
{
"N": "Task-117-1",
"Th": "ForkJoinPool-1-worker-2",
"C": "aqua",
"S": "Start",
"T": "49104"
},
{
"N": "Task-117-1",
"Th": "ForkJoinPool-1-worker-2",
"C": "aqua",
"S": "Stop",
"T": "49357"
},
{
"N": "Task-117-2",
"Th": "ForkJoinPool-1-worker-6",
"C": "aqua",
"S": "Start",
"T": "49105"
},
{
"N": "Task-117-2",
"Th": "ForkJoinPool-1-worker-6",
"C": "aqua",
"S": "Stop",
"T": "49352"
},
{
"N": "Task-117-3",
"Th": "ForkJoinPool-1-worker-4",
"C": "aqua",
"S": "Start",
"T": "49098"
},
{
"N": "Task-117-3",
"Th": "ForkJoinPool-1-worker-4",
"C": "aqua",
"S": "Stop",
"T": "49344"
},
{
"N": "MasterTask-117",
"Th": "ForkJoinPool-1-worker-4",
"C": "aqua",
"S": "Start",
"T": "49097"
},
{
"N": "MasterTask-117",
"Th": "ForkJoinPool-1-worker-4",
"C": "aqua",
"S": "Stop",
"T": "49358"
},
{
"N": "Request-117",
"Th": "http-bio-8080-exec-1",
"C": "aqua",
"S": "Start",
"T": "48607"
},
{
"N": "Request-117",
"Th": "http-bio-8080-exec-1",
"C": "aqua",
"S": "Stop",
"T": "49358"
},
{
"N": "Task-118-0",
"Th": "ForkJoinPool-1-worker-6",
"C": "blue",
"S": "Start",
"T": "49352"
},
{
"N": "Task-118-0",
"Th": "ForkJoinPool-1-worker-6",
"C": "blue",
"S": "Stop",
"T": "49615"
},
{
"N": "Task-118-1",
"Th": "ForkJoinPool-1-worker-2",
"C": "blue",
"S": "Start",
"T": "49358"
},
{
"N": "Task-118-1",
"Th": "ForkJoinPool-1-worker-2",
"C": "blue",
"S": "Stop",
"T": "49621"
},
{
"N": "Task-118-2",
"Th": "ForkJoinPool-1-worker-4",
"C": "blue",
"S": "Start",
"T": "49358"
},
{
"N": "Task-118-2",
"Th": "ForkJoinPool-1-worker-4",
"C": "blue",
"S": "Stop",
"T": "49616"
},
{
"N": "Task-118-3",
"Th": "ForkJoinPool-1-worker-5",
"C": "blue",
"S": "Start",
"T": "49346"
},
{
"N": "Task-118-3",
"Th": "ForkJoinPool-1-worker-5",
"C": "blue",
"S": "Stop",
"T": "49612"
},
{
"N": "MasterTask-118",
"Th": "ForkJoinPool-1-worker-5",
"C": "blue",
"S": "Start",
"T": "49345"
},
{
"N": "MasterTask-118",
"Th": "ForkJoinPool-1-worker-5",
"C": "blue",
"S": "Stop",
"T": "49622"
},
{
"N": "Request-118",
"Th": "http-bio-8080-exec-3",
"C": "blue",
"S": "Start",
"T": "48853"
},
{
"N": "Request-118",
"Th": "http-bio-8080-exec-3",
"C": "blue",
"S": "Stop",
"T": "49622"
},
{
"N": "Task-119-0",
"Th": "ForkJoinPool-1-worker-4",
"C": "fuchsia",
"S": "Start",
"T": "49617"
},
{
"N": "Task-119-0",
"Th": "ForkJoinPool-1-worker-4",
"C": "fuchsia",
"S": "Stop",
"T": "49877"
},
{
"N": "Task-119-1",
"Th": "ForkJoinPool-1-worker-2",
"C": "fuchsia",
"S": "Start",
"T": "49622"
},
{
"N": "Task-119-1",
"Th": "ForkJoinPool-1-worker-2",
"C": "fuchsia",
"S": "Stop",
"T": "49886"
},
{
"N": "Task-119-2",
"Th": "ForkJoinPool-1-worker-5",
"C": "fuchsia",
"S": "Start",
"T": "49622"
},
{
"N": "Task-119-2",
"Th": "ForkJoinPool-1-worker-5",
"C": "fuchsia",
"S": "Stop",
"T": "49881"
},
{
"N": "Task-119-3",
"Th": "ForkJoinPool-1-worker-6",
"C": "fuchsia",
"S": "Start",
"T": "49616"
},
{
"N": "Task-119-3",
"Th": "ForkJoinPool-1-worker-6",
"C": "fuchsia",
"S": "Stop",
"T": "49876"
},
{
"N": "MasterTask-119",
"Th": "ForkJoinPool-1-worker-6",
"C": "fuchsia",
"S": "Start",
"T": "49616"
},
{
"N": "MasterTask-119",
"Th": "ForkJoinPool-1-worker-6",
"C": "fuchsia",
"S": "Stop",
"T": "49886"
},
{
"N": "Request-119",
"Th": "http-bio-8080-exec-2",
"C": "fuchsia",
"S": "Start",
"T": "49108"
},
{
"N": "Request-119",
"Th": "http-bio-8080-exec-2",
"C": "fuchsia",
"S": "Stop",
"T": "49887"
},
{
"N": "Task-120-0",
"Th": "ForkJoinPool-1-worker-5",
"C": "gray",
"S": "Start",
"T": "49881"
},
{
"N": "Task-120-0",
"Th": "ForkJoinPool-1-worker-5",
"C": "gray",
"S": "Stop",
"T": "50142"
},
{
"N": "Task-120-1",
"Th": "ForkJoinPool-1-worker-2",
"C": "gray",
"S": "Start",
"T": "49886"
},
{
"N": "Task-120-1",
"Th": "ForkJoinPool-1-worker-2",
"C": "gray",
"S": "Stop",
"T": "50132"
},
{
"N": "Task-120-2",
"Th": "ForkJoinPool-1-worker-6",
"C": "gray",
"S": "Start",
"T": "49887"
},
{
"N": "Task-120-2",
"Th": "ForkJoinPool-1-worker-6",
"C": "gray",
"S": "Stop",
"T": "50138"
},
{
"N": "Task-120-3",
"Th": "ForkJoinPool-1-worker-4",
"C": "gray",
"S": "Start",
"T": "49877"
},
{
"N": "Task-120-3",
"Th": "ForkJoinPool-1-worker-4",
"C": "gray",
"S": "Stop",
"T": "50132"
},
{
"N": "MasterTask-120",
"Th": "ForkJoinPool-1-worker-4",
"C": "gray",
"S": "Start",
"T": "49877"
},
{
"N": "MasterTask-120",
"Th": "ForkJoinPool-1-worker-4",
"C": "gray",
"S": "Stop",
"T": "50143"
},
{
"N": "Request-120",
"Th": "http-bio-8080-exec-1",
"C": "gray",
"S": "Start",
"T": "49362"
},
{
"N": "Request-120",
"Th": "http-bio-8080-exec-1",
"C": "gray",
"S": "Stop",
"T": "50143"
},
{
"N": "Task-121-0",
"Th": "ForkJoinPool-1-worker-6",
"C": "green",
"S": "Start",
"T": "50138"
},
{
"N": "Task-121-0",
"Th": "ForkJoinPool-1-worker-6",
"C": "green",
"S": "Stop",
"T": "50387"
},
{
"N": "Task-121-1",
"Th": "ForkJoinPool-1-worker-5",
"C": "green",
"S": "Start",
"T": "50142"
},
{
"N": "Task-121-1",
"Th": "ForkJoinPool-1-worker-5",
"C": "green",
"S": "Stop",
"T": "50382"
},
{
"N": "Task-121-2",
"Th": "ForkJoinPool-1-worker-4",
"C": "green",
"S": "Start",
"T": "50143"
},
{
"N": "Task-121-2",
"Th": "ForkJoinPool-1-worker-4",
"C": "green",
"S": "Stop",
"T": "50389"
},
{
"N": "Task-121-3",
"Th": "ForkJoinPool-1-worker-2",
"C": "green",
"S": "Start",
"T": "50133"
},
{
"N": "Task-121-3",
"Th": "ForkJoinPool-1-worker-2",
"C": "green",
"S": "Stop",
"T": "50378"
},
{
"N": "MasterTask-121",
"Th": "ForkJoinPool-1-worker-2",
"C": "green",
"S": "Start",
"T": "50133"
},
{
"N": "MasterTask-121",
"Th": "ForkJoinPool-1-worker-2",
"C": "green",
"S": "Stop",
"T": "50389"
},
{
"N": "Request-121",
"Th": "http-bio-8080-exec-3",
"C": "green",
"S": "Start",
"T": "49626"
},
{
"N": "Request-121",
"Th": "http-bio-8080-exec-3",
"C": "green",
"S": "Stop",
"T": "50390"
},
{
"N": "Task-122-0",
"Th": "ForkJoinPool-1-worker-6",
"C": "lime",
"S": "Start",
"T": "50388"
},
{
"N": "Task-122-0",
"Th": "ForkJoinPool-1-worker-6",
"C": "lime",
"S": "Stop",
"T": "50637"
},
{
"N": "Task-122-1",
"Th": "ForkJoinPool-1-worker-4",
"C": "lime",
"S": "Start",
"T": "50389"
},
{
"N": "Task-122-1",
"Th": "ForkJoinPool-1-worker-4",
"C": "lime",
"S": "Stop",
"T": "50645"
},
{
"N": "Task-122-2",
"Th": "ForkJoinPool-1-worker-2",
"C": "lime",
"S": "Start",
"T": "50390"
},
{
"N": "Task-122-2",
"Th": "ForkJoinPool-1-worker-2",
"C": "lime",
"S": "Stop",
"T": "50644"
},
{
"N": "Task-122-3",
"Th": "ForkJoinPool-1-worker-5",
"C": "lime",
"S": "Start",
"T": "50383"
},
{
"N": "Task-122-3",
"Th": "ForkJoinPool-1-worker-5",
"C": "lime",
"S": "Stop",
"T": "50652"
},
{
"N": "MasterTask-122",
"Th": "ForkJoinPool-1-worker-5",
"C": "lime",
"S": "Start",
"T": "50383"
},
{
"N": "MasterTask-122",
"Th": "ForkJoinPool-1-worker-5",
"C": "lime",
"S": "Stop",
"T": "50652"
},
{
"N": "Request-122",
"Th": "http-bio-8080-exec-2",
"C": "lime",
"S": "Start",
"T": "49890"
},
{
"N": "Request-122",
"Th": "http-bio-8080-exec-2",
"C": "lime",
"S": "Stop",
"T": "50653"
},
{
"N": "Task-123-0",
"Th": "ForkJoinPool-1-worker-2",
"C": "maroon",
"S": "Start",
"T": "50644"
},
{
"N": "Task-123-0",
"Th": "ForkJoinPool-1-worker-2",
"C": "maroon",
"S": "Stop",
"T": "50892"
},
{
"N": "Task-123-1",
"Th": "ForkJoinPool-1-worker-4",
"C": "maroon",
"S": "Start",
"T": "50646"
},
{
"N": "Task-123-1",
"Th": "ForkJoinPool-1-worker-4",
"C": "maroon",
"S": "Stop",
"T": "50893"
},
{
"N": "Task-123-2",
"Th": "ForkJoinPool-1-worker-5",
"C": "maroon",
"S": "Start",
"T": "50656"
},
{
"N": "Task-123-2",
"Th": "ForkJoinPool-1-worker-5",
"C": "maroon",
"S": "Stop",
"T": "50902"
},
{
"N": "Task-123-3",
"Th": "ForkJoinPool-1-worker-6",
"C": "maroon",
"S": "Start",
"T": "50638"
},
{
"N": "Task-123-3",
"Th": "ForkJoinPool-1-worker-6",
"C": "maroon",
"S": "Stop",
"T": "50884"
},
{
"N": "MasterTask-123",
"Th": "ForkJoinPool-1-worker-6",
"C": "maroon",
"S": "Start",
"T": "50637"
},
{
"N": "MasterTask-123",
"Th": "ForkJoinPool-1-worker-6",
"C": "maroon",
"S": "Stop",
"T": "50902"
},
{
"N": "Request-123",
"Th": "http-bio-8080-exec-1",
"C": "maroon",
"S": "Start",
"T": "50147"
},
{
"N": "Request-123",
"Th": "http-bio-8080-exec-1",
"C": "maroon",
"S": "Stop",
"T": "50903"
},
{
"N": "Task-124-0",
"Th": "ForkJoinPool-1-worker-4",
"C": "olive",
"S": "Start",
"T": "50893"
},
{
"N": "Task-124-0",
"Th": "ForkJoinPool-1-worker-4",
"C": "olive",
"S": "Stop",
"T": "51144"
},
{
"N": "Task-124-1",
"Th": "ForkJoinPool-1-worker-5",
"C": "olive",
"S": "Start",
"T": "50902"
},
{
"N": "Task-124-1",
"Th": "ForkJoinPool-1-worker-5",
"C": "olive",
"S": "Stop",
"T": "51150"
},
{
"N": "Task-124-2",
"Th": "ForkJoinPool-1-worker-6",
"C": "olive",
"S": "Start",
"T": "50906"
},
{
"N": "Task-124-2",
"Th": "ForkJoinPool-1-worker-6",
"C": "olive",
"S": "Stop",
"T": "51154"
},
{
"N": "Task-124-3",
"Th": "ForkJoinPool-1-worker-2",
"C": "olive",
"S": "Start",
"T": "50892"
},
{
"N": "Task-124-3",
"Th": "ForkJoinPool-1-worker-2",
"C": "olive",
"S": "Stop",
"T": "51142"
},
{
"N": "MasterTask-124",
"Th": "ForkJoinPool-1-worker-2",
"C": "olive",
"S": "Start",
"T": "50892"
},
{
"N": "MasterTask-124",
"Th": "ForkJoinPool-1-worker-2",
"C": "olive",
"S": "Stop",
"T": "51154"
},
{
"N": "Request-124",
"Th": "http-bio-8080-exec-3",
"C": "olive",
"S": "Start",
"T": "50393"
},
{
"N": "Request-124",
"Th": "http-bio-8080-exec-3",
"C": "olive",
"S": "Stop",
"T": "51155"
},
{
"N": "Task-125-0",
"Th": "ForkJoinPool-1-worker-5",
"C": "purple",
"S": "Start",
"T": "51151"
},
{
"N": "Task-125-0",
"Th": "ForkJoinPool-1-worker-5",
"C": "purple",
"S": "Stop",
"T": "51405"
},
{
"N": "Task-125-1",
"Th": "ForkJoinPool-1-worker-6",
"C": "purple",
"S": "Start",
"T": "51154"
},
{
"N": "Task-125-1",
"Th": "ForkJoinPool-1-worker-6",
"C": "purple",
"S": "Stop",
"T": "51400"
},
{
"N": "Task-125-2",
"Th": "ForkJoinPool-1-worker-2",
"C": "purple",
"S": "Start",
"T": "51155"
},
{
"N": "Task-125-2",
"Th": "ForkJoinPool-1-worker-2",
"C": "purple",
"S": "Stop",
"T": "51403"
},
{
"N": "Task-125-3",
"Th": "ForkJoinPool-1-worker-4",
"C": "purple",
"S": "Start",
"T": "51145"
},
{
"N": "Task-125-3",
"Th": "ForkJoinPool-1-worker-4",
"C": "purple",
"S": "Stop",
"T": "51395"
},
{
"N": "MasterTask-125",
"Th": "ForkJoinPool-1-worker-4",
"C": "purple",
"S": "Start",
"T": "51144"
},
{
"N": "MasterTask-125",
"Th": "ForkJoinPool-1-worker-4",
"C": "purple",
"S": "Stop",
"T": "51405"
},
{
"N": "Request-125",
"Th": "http-bio-8080-exec-2",
"C": "purple",
"S": "Start",
"T": "50656"
},
{
"N": "Request-125",
"Th": "http-bio-8080-exec-2",
"C": "purple",
"S": "Stop",
"T": "51405"
},
{
"N": "Task-126-0",
"Th": "ForkJoinPool-1-worker-2",
"C": "red",
"S": "Start",
"T": "51403"
},
{
"N": "Task-126-0",
"Th": "ForkJoinPool-1-worker-2",
"C": "red",
"S": "Stop",
"T": "51660"
},
{
"N": "Task-126-1",
"Th": "ForkJoinPool-1-worker-5",
"C": "red",
"S": "Start",
"T": "51405"
},
{
"N": "Task-126-1",
"Th": "ForkJoinPool-1-worker-5",
"C": "red",
"S": "Stop",
"T": "51660"
},
{
"N": "Task-126-2",
"Th": "ForkJoinPool-1-worker-4",
"C": "red",
"S": "Start",
"T": "51406"
},
{
"N": "Task-126-2",
"Th": "ForkJoinPool-1-worker-4",
"C": "red",
"S": "Stop",
"T": "51663"
},
{
"N": "Task-126-3",
"Th": "ForkJoinPool-1-worker-6",
"C": "red",
"S": "Start",
"T": "51400"
},
{
"N": "Task-126-3",
"Th": "ForkJoinPool-1-worker-6",
"C": "red",
"S": "Stop",
"T": "51651"
},
{
"N": "MasterTask-126",
"Th": "ForkJoinPool-1-worker-6",
"C": "red",
"S": "Start",
"T": "51400"
},
{
"N": "MasterTask-126",
"Th": "ForkJoinPool-1-worker-6",
"C": "red",
"S": "Stop",
"T": "51664"
},
{
"N": "Request-126",
"Th": "http-bio-8080-exec-1",
"C": "red",
"S": "Start",
"T": "50906"
},
{
"N": "Request-126",
"Th": "http-bio-8080-exec-1",
"C": "red",
"S": "Stop",
"T": "51664"
},
{
"N": "Task-127-0",
"Th": "ForkJoinPool-1-worker-5",
"C": "silver",
"S": "Start",
"T": "51661"
},
{
"N": "Task-127-0",
"Th": "ForkJoinPool-1-worker-5",
"C": "silver",
"S": "Stop",
"T": "51900"
},
{
"N": "Task-127-1",
"Th": "ForkJoinPool-1-worker-4",
"C": "silver",
"S": "Start",
"T": "51663"
},
{
"N": "Task-127-1",
"Th": "ForkJoinPool-1-worker-4",
"C": "silver",
"S": "Stop",
"T": "51902"
},
{
"N": "Task-127-2",
"Th": "ForkJoinPool-1-worker-6",
"C": "silver",
"S": "Start",
"T": "51664"
},
{
"N": "Task-127-2",
"Th": "ForkJoinPool-1-worker-6",
"C": "silver",
"S": "Stop",
"T": "51907"
},
{
"N": "Task-127-3",
"Th": "ForkJoinPool-1-worker-2",
"C": "silver",
"S": "Start",
"T": "51661"
},
{
"N": "Task-127-3",
"Th": "ForkJoinPool-1-worker-2",
"C": "silver",
"S": "Stop",
"T": "51902"
},
{
"N": "MasterTask-127",
"Th": "ForkJoinPool-1-worker-2",
"C": "silver",
"S": "Start",
"T": "51660"
},
{
"N": "MasterTask-127",
"Th": "ForkJoinPool-1-worker-2",
"C": "silver",
"S": "Stop",
"T": "51907"
},
{
"N": "Request-127",
"Th": "http-bio-8080-exec-3",
"C": "silver",
"S": "Start",
"T": "51157"
},
{
"N": "Request-127",
"Th": "http-bio-8080-exec-3",
"C": "silver",
"S": "Stop",
"T": "51908"
},
{
"N": "Task-128-0",
"Th": "ForkJoinPool-1-worker-4",
"C": "teal",
"S": "Start",
"T": "51903"
},
{
"N": "Task-128-0",
"Th": "ForkJoinPool-1-worker-4",
"C": "teal",
"S": "Stop",
"T": "52151"
},
{
"N": "Task-128-1",
"Th": "ForkJoinPool-1-worker-6",
"C": "teal",
"S": "Start",
"T": "51907"
},
{
"N": "Task-128-1",
"Th": "ForkJoinPool-1-worker-6",
"C": "teal",
"S": "Stop",
"T": "52159"
},
{
"N": "Task-128-2",
"Th": "ForkJoinPool-1-worker-2",
"C": "teal",
"S": "Start",
"T": "51908"
},
{
"N": "Task-128-2",
"Th": "ForkJoinPool-1-worker-2",
"C": "teal",
"S": "Stop",
"T": "52156"
},
{
"N": "Task-128-3",
"Th": "ForkJoinPool-1-worker-5",
"C": "teal",
"S": "Start",
"T": "51900"
},
{
"N": "Task-128-3",
"Th": "ForkJoinPool-1-worker-5",
"C": "teal",
"S": "Stop",
"T": "52159"
},
{
"N": "MasterTask-128",
"Th": "ForkJoinPool-1-worker-5",
"C": "teal",
"S": "Start",
"T": "51900"
},
{
"N": "MasterTask-128",
"Th": "ForkJoinPool-1-worker-5",
"C": "teal",
"S": "Stop",
"T": "52159"
},
{
"N": "Request-128",
"Th": "http-bio-8080-exec-2",
"C": "teal",
"S": "Start",
"T": "51408"
},
{
"N": "Request-128",
"Th": "http-bio-8080-exec-2",
"C": "teal",
"S": "Stop",
"T": "52159"
},
{
"N": "Task-129-0",
"Th": "ForkJoinPool-1-worker-2",
"C": "yellow",
"S": "Start",
"T": "52156"
},
{
"N": "Task-129-0",
"Th": "ForkJoinPool-1-worker-2",
"C": "yellow",
"S": "Stop",
"T": "52430"
},
{
"N": "Task-129-1",
"Th": "ForkJoinPool-1-worker-6",
"C": "yellow",
"S": "Start",
"T": "52159"
},
{
"N": "Task-129-1",
"Th": "ForkJoinPool-1-worker-6",
"C": "yellow",
"S": "Stop",
"T": "52445"
},
{
"N": "Task-129-2",
"Th": "ForkJoinPool-1-worker-5",
"C": "yellow",
"S": "Start",
"T": "52159"
},
{
"N": "Task-129-2",
"Th": "ForkJoinPool-1-worker-5",
"C": "yellow",
"S": "Stop",
"T": "52441"
},
{
"N": "Task-129-3",
"Th": "ForkJoinPool-1-worker-4",
"C": "yellow",
"S": "Start",
"T": "52152"
},
{
"N": "Task-129-3",
"Th": "ForkJoinPool-1-worker-4",
"C": "yellow",
"S": "Stop",
"T": "52427"
},
{
"N": "MasterTask-129",
"Th": "ForkJoinPool-1-worker-4",
"C": "yellow",
"S": "Start",
"T": "52151"
},
{
"N": "MasterTask-129",
"Th": "ForkJoinPool-1-worker-4",
"C": "yellow",
"S": "Stop",
"T": "52446"
},
{
"N": "Request-129",
"Th": "http-bio-8080-exec-1",
"C": "yellow",
"S": "Start",
"T": "51667"
},
{
"N": "Request-129",
"Th": "http-bio-8080-exec-1",
"C": "yellow",
"S": "Stop",
"T": "52446"
},
{
"N": "Task-130-0",
"Th": "ForkJoinPool-1-worker-5",
"C": "aqua",
"S": "Start",
"T": "52441"
},
{
"N": "Task-130-0",
"Th": "ForkJoinPool-1-worker-5",
"C": "aqua",
"S": "Stop",
"T": "52700"
},
{
"N": "Task-130-1",
"Th": "ForkJoinPool-1-worker-6",
"C": "aqua",
"S": "Start",
"T": "52445"
},
{
"N": "Task-130-1",
"Th": "ForkJoinPool-1-worker-6",
"C": "aqua",
"S": "Stop",
"T": "52710"
},
{
"N": "Task-130-2",
"Th": "ForkJoinPool-1-worker-4",
"C": "aqua",
"S": "Start",
"T": "52446"
},
{
"N": "Task-130-2",
"Th": "ForkJoinPool-1-worker-4",
"C": "aqua",
"S": "Stop",
"T": "52719"
},
{
"N": "Task-130-3",
"Th": "ForkJoinPool-1-worker-2",
"C": "aqua",
"S": "Start",
"T": "52431"
},
{
"N": "Task-130-3",
"Th": "ForkJoinPool-1-worker-2",
"C": "aqua",
"S": "Stop",
"T": "52697"
},
{
"N": "MasterTask-130",
"Th": "ForkJoinPool-1-worker-2",
"C": "aqua",
"S": "Start",
"T": "52430"
},
{
"N": "MasterTask-130",
"Th": "ForkJoinPool-1-worker-2",
"C": "aqua",
"S": "Stop",
"T": "52720"
},
{
"N": "Request-130",
"Th": "http-bio-8080-exec-3",
"C": "aqua",
"S": "Start",
"T": "51912"
},
{
"N": "Request-130",
"Th": "http-bio-8080-exec-3",
"C": "aqua",
"S": "Stop",
"T": "52720"
},
{
"N": "Task-131-0",
"Th": "ForkJoinPool-1-worker-6",
"C": "blue",
"S": "Start",
"T": "52710"
},
{
"N": "Task-131-0",
"Th": "ForkJoinPool-1-worker-6",
"C": "blue",
"S": "Stop",
"T": "52969"
},
{
"N": "Task-131-1",
"Th": "ForkJoinPool-1-worker-4",
"C": "blue",
"S": "Start",
"T": "52720"
},
{
"N": "Task-131-1",
"Th": "ForkJoinPool-1-worker-4",
"C": "blue",
"S": "Stop",
"T": "52972"
},
{
"N": "Task-131-2",
"Th": "ForkJoinPool-1-worker-2",
"C": "blue",
"S": "Start",
"T": "52720"
},
{
"N": "Task-131-2",
"Th": "ForkJoinPool-1-worker-2",
"C": "blue",
"S": "Stop",
"T": "52995"
},
{
"N": "Task-131-3",
"Th": "ForkJoinPool-1-worker-5",
"C": "blue",
"S": "Start",
"T": "52701"
},
{
"N": "Task-131-3",
"Th": "ForkJoinPool-1-worker-5",
"C": "blue",
"S": "Stop",
"T": "53009"
},
{
"N": "MasterTask-131",
"Th": "ForkJoinPool-1-worker-5",
"C": "blue",
"S": "Start",
"T": "52701"
},
{
"N": "MasterTask-131",
"Th": "ForkJoinPool-1-worker-5",
"C": "blue",
"S": "Stop",
"T": "53009"
},
{
"N": "Request-131",
"Th": "http-bio-8080-exec-2",
"C": "blue",
"S": "Start",
"T": "52164"
},
{
"N": "Request-131",
"Th": "http-bio-8080-exec-2",
"C": "blue",
"S": "Stop",
"T": "53009"
},
{
"N": "Task-132-0",
"Th": "ForkJoinPool-1-worker-4",
"C": "fuchsia",
"S": "Start",
"T": "52972"
},
{
"N": "Task-132-0",
"Th": "ForkJoinPool-1-worker-4",
"C": "fuchsia",
"S": "Stop",
"T": "53219"
},
{
"N": "Task-132-1",
"Th": "ForkJoinPool-1-worker-2",
"C": "fuchsia",
"S": "Start",
"T": "52995"
},
{
"N": "Task-132-1",
"Th": "ForkJoinPool-1-worker-2",
"C": "fuchsia",
"S": "Stop",
"T": "53246"
},
{
"N": "Task-132-2",
"Th": "ForkJoinPool-1-worker-5",
"C": "fuchsia",
"S": "Start",
"T": "53014"
},
{
"N": "Task-132-2",
"Th": "ForkJoinPool-1-worker-5",
"C": "fuchsia",
"S": "Stop",
"T": "53261"
},
{
"N": "Task-132-3",
"Th": "ForkJoinPool-1-worker-6",
"C": "fuchsia",
"S": "Start",
"T": "52970"
},
{
"N": "Task-132-3",
"Th": "ForkJoinPool-1-worker-6",
"C": "fuchsia",
"S": "Stop",
"T": "53219"
},
{
"N": "MasterTask-132",
"Th": "ForkJoinPool-1-worker-6",
"C": "fuchsia",
"S": "Start",
"T": "52969"
},
{
"N": "MasterTask-132",
"Th": "ForkJoinPool-1-worker-6",
"C": "fuchsia",
"S": "Stop",
"T": "53262"
},
{
"N": "Request-132",
"Th": "http-bio-8080-exec-1",
"C": "fuchsia",
"S": "Start",
"T": "52449"
},
{
"N": "Request-132",
"Th": "http-bio-8080-exec-1",
"C": "fuchsia",
"S": "Stop",
"T": "53262"
},
{
"N": "Task-133-0",
"Th": "ForkJoinPool-1-worker-2",
"C": "gray",
"S": "Start",
"T": "53246"
},
{
"N": "Task-133-0",
"Th": "ForkJoinPool-1-worker-2",
"C": "gray",
"S": "Stop",
"T": "53506"
},
{
"N": "Task-133-1",
"Th": "ForkJoinPool-1-worker-5",
"C": "gray",
"S": "Start",
"T": "53262"
},
{
"N": "Task-133-1",
"Th": "ForkJoinPool-1-worker-5",
"C": "gray",
"S": "Stop",
"T": "53530"
},
{
"N": "Task-133-2",
"Th": "ForkJoinPool-1-worker-6",
"C": "gray",
"S": "Start",
"T": "53266"
},
{
"N": "Task-133-2",
"Th": "ForkJoinPool-1-worker-6",
"C": "gray",
"S": "Stop",
"T": "53536"
},
{
"N": "Task-133-3",
"Th": "ForkJoinPool-1-worker-4",
"C": "gray",
"S": "Start",
"T": "53220"
},
{
"N": "Task-133-3",
"Th": "ForkJoinPool-1-worker-4",
"C": "gray",
"S": "Stop",
"T": "53473"
},
{
"N": "MasterTask-133",
"Th": "ForkJoinPool-1-worker-4",
"C": "gray",
"S": "Start",
"T": "53219"
},
{
"N": "MasterTask-133",
"Th": "ForkJoinPool-1-worker-4",
"C": "gray",
"S": "Stop",
"T": "53537"
},
{
"N": "Request-133",
"Th": "http-bio-8080-exec-3",
"C": "gray",
"S": "Start",
"T": "52723"
},
{
"N": "Request-133",
"Th": "http-bio-8080-exec-3",
"C": "gray",
"S": "Stop",
"T": "53537"
},
{
"N": "Task-134-0",
"Th": "ForkJoinPool-1-worker-5",
"C": "green",
"S": "Start",
"T": "53530"
},
{
"N": "Task-134-0",
"Th": "ForkJoinPool-1-worker-5",
"C": "green",
"S": "Stop",
"T": "53806"
},
{
"N": "Task-134-1",
"Th": "ForkJoinPool-1-worker-6",
"C": "green",
"S": "Start",
"T": "53536"
},
{
"N": "Task-134-1",
"Th": "ForkJoinPool-1-worker-6",
"C": "green",
"S": "Stop",
"T": "53812"
},
{
"N": "Task-134-2",
"Th": "ForkJoinPool-1-worker-4",
"C": "green",
"S": "Start",
"T": "53545"
},
{
"N": "Task-134-2",
"Th": "ForkJoinPool-1-worker-4",
"C": "green",
"S": "Stop",
"T": "53814"
},
{
"N": "Task-134-3",
"Th": "ForkJoinPool-1-worker-2",
"C": "green",
"S": "Start",
"T": "53507"
},
{
"N": "Task-134-3",
"Th": "ForkJoinPool-1-worker-2",
"C": "green",
"S": "Stop",
"T": "53801"
},
{
"N": "MasterTask-134",
"Th": "ForkJoinPool-1-worker-2",
"C": "green",
"S": "Start",
"T": "53507"
},
{
"N": "MasterTask-134",
"Th": "ForkJoinPool-1-worker-2",
"C": "green",
"S": "Stop",
"T": "53815"
},
{
"N": "Request-134",
"Th": "http-bio-8080-exec-4",
"C": "green",
"S": "Start",
"T": "52752"
},
{
"N": "Request-134",
"Th": "http-bio-8080-exec-4",
"C": "green",
"S": "Stop",
"T": "53815"
},
{
"N": "Task-135-0",
"Th": "ForkJoinPool-1-worker-6",
"C": "lime",
"S": "Start",
"T": "53812"
},
{
"N": "Task-135-0",
"Th": "ForkJoinPool-1-worker-6",
"C": "lime",
"S": "Stop",
"T": "54066"
},
{
"N": "Task-135-1",
"Th": "ForkJoinPool-1-worker-4",
"C": "lime",
"S": "Start",
"T": "53815"
},
{
"N": "Task-135-1",
"Th": "ForkJoinPool-1-worker-4",
"C": "lime",
"S": "Stop",
"T": "54062"
},
{
"N": "Task-135-2",
"Th": "ForkJoinPool-1-worker-2",
"C": "lime",
"S": "Start",
"T": "53815"
},
{
"N": "Task-135-2",
"Th": "ForkJoinPool-1-worker-2",
"C": "lime",
"S": "Stop",
"T": "54067"
},
{
"N": "Task-135-3",
"Th": "ForkJoinPool-1-worker-5",
"C": "lime",
"S": "Start",
"T": "53807"
},
{
"N": "Task-135-3",
"Th": "ForkJoinPool-1-worker-5",
"C": "lime",
"S": "Stop",
"T": "54068"
},
{
"N": "MasterTask-135",
"Th": "ForkJoinPool-1-worker-5",
"C": "lime",
"S": "Start",
"T": "53807"
},
{
"N": "MasterTask-135",
"Th": "ForkJoinPool-1-worker-5",
"C": "lime",
"S": "Stop",
"T": "54069"
},
{
"N": "Request-135",
"Th": "http-bio-8080-exec-2",
"C": "lime",
"S": "Start",
"T": "53013"
},
{
"N": "Request-135",
"Th": "http-bio-8080-exec-2",
"C": "lime",
"S": "Stop",
"T": "54069"
},
{
"N": "Task-136-0",
"Th": "ForkJoinPool-1-worker-6",
"C": "maroon",
"S": "Start",
"T": "54066"
},
{
"N": "Task-136-0",
"Th": "ForkJoinPool-1-worker-6",
"C": "maroon",
"S": "Stop",
"T": "54318"
},
{
"N": "Task-136-1",
"Th": "ForkJoinPool-1-worker-2",
"C": "maroon",
"S": "Start",
"T": "54067"
},
{
"N": "Task-136-1",
"Th": "ForkJoinPool-1-worker-2",
"C": "maroon",
"S": "Stop",
"T": "54315"
},
{
"N": "Task-136-2",
"Th": "ForkJoinPool-1-worker-5",
"C": "maroon",
"S": "Start",
"T": "54073"
},
{
"N": "Task-136-2",
"Th": "ForkJoinPool-1-worker-5",
"C": "maroon",
"S": "Stop",
"T": "54322"
},
{
"N": "Task-136-3",
"Th": "ForkJoinPool-1-worker-4",
"C": "maroon",
"S": "Start",
"T": "54063"
},
{
"N": "Task-136-3",
"Th": "ForkJoinPool-1-worker-4",
"C": "maroon",
"S": "Stop",
"T": "54315"
},
{
"N": "MasterTask-136",
"Th": "ForkJoinPool-1-worker-4",
"C": "maroon",
"S": "Start",
"T": "54063"
},
{
"N": "MasterTask-136",
"Th": "ForkJoinPool-1-worker-4",
"C": "maroon",
"S": "Stop",
"T": "54323"
},
{
"N": "Request-136",
"Th": "http-bio-8080-exec-1",
"C": "maroon",
"S": "Start",
"T": "53265"
},
{
"N": "Request-136",
"Th": "http-bio-8080-exec-1",
"C": "maroon",
"S": "Stop",
"T": "54323"
},
{
"N": "Task-137-0",
"Th": "ForkJoinPool-1-worker-6",
"C": "olive",
"S": "Start",
"T": "54318"
},
{
"N": "Task-137-0",
"Th": "ForkJoinPool-1-worker-6",
"C": "olive",
"S": "Stop",
"T": "54578"
},
{
"N": "Task-137-1",
"Th": "ForkJoinPool-1-worker-5",
"C": "olive",
"S": "Start",
"T": "54322"
},
{
"N": "Task-137-1",
"Th": "ForkJoinPool-1-worker-5",
"C": "olive",
"S": "Stop",
"T": "54587"
},
{
"N": "Task-137-2",
"Th": "ForkJoinPool-1-worker-4",
"C": "olive",
"S": "Start",
"T": "54323"
},
{
"N": "Task-137-2",
"Th": "ForkJoinPool-1-worker-4",
"C": "olive",
"S": "Stop",
"T": "54590"
},
{
"N": "Task-137-3",
"Th": "ForkJoinPool-1-worker-2",
"C": "olive",
"S": "Start",
"T": "54315"
},
{
"N": "Task-137-3",
"Th": "ForkJoinPool-1-worker-2",
"C": "olive",
"S": "Stop",
"T": "54570"
},
{
"N": "MasterTask-137",
"Th": "ForkJoinPool-1-worker-2",
"C": "olive",
"S": "Start",
"T": "54315"
},
{
"N": "MasterTask-137",
"Th": "ForkJoinPool-1-worker-2",
"C": "olive",
"S": "Stop",
"T": "54591"
},
{
"N": "Request-137",
"Th": "http-bio-8080-exec-3",
"C": "olive",
"S": "Start",
"T": "53544"
},
{
"N": "Request-137",
"Th": "http-bio-8080-exec-3",
"C": "olive",
"S": "Stop",
"T": "54591"
},
{
"N": "Task-138-0",
"Th": "ForkJoinPool-1-worker-5",
"C": "purple",
"S": "Start",
"T": "54588"
},
{
"N": "Task-138-0",
"Th": "ForkJoinPool-1-worker-5",
"C": "purple",
"S": "Stop",
"T": "54880"
},
{
"N": "Task-138-1",
"Th": "ForkJoinPool-1-worker-4",
"C": "purple",
"S": "Start",
"T": "54590"
},
{
"N": "Task-138-1",
"Th": "ForkJoinPool-1-worker-4",
"C": "purple",
"S": "Stop",
"T": "54887"
},
{
"N": "Task-138-2",
"Th": "ForkJoinPool-1-worker-2",
"C": "purple",
"S": "Start",
"T": "54591"
},
{
"N": "Task-138-2",
"Th": "ForkJoinPool-1-worker-2",
"C": "purple",
"S": "Stop",
"T": "54882"
},
{
"N": "Task-138-3",
"Th": "ForkJoinPool-1-worker-6",
"C": "purple",
"S": "Start",
"T": "54579"
},
{
"N": "Task-138-3",
"Th": "ForkJoinPool-1-worker-6",
"C": "purple",
"S": "Stop",
"T": "54870"
},
{
"N": "MasterTask-138",
"Th": "ForkJoinPool-1-worker-6",
"C": "purple",
"S": "Start",
"T": "54579"
},
{
"N": "MasterTask-138",
"Th": "ForkJoinPool-1-worker-6",
"C": "purple",
"S": "Stop",
"T": "54888"
},
{
"N": "Request-138",
"Th": "http-bio-8080-exec-4",
"C": "purple",
"S": "Start",
"T": "53819"
},
{
"N": "Request-138",
"Th": "http-bio-8080-exec-4",
"C": "purple",
"S": "Stop",
"T": "54888"
},
{
"N": "Task-139-0",
"Th": "ForkJoinPool-1-worker-2",
"C": "red",
"S": "Start",
"T": "54882"
},
{
"N": "Task-139-0",
"Th": "ForkJoinPool-1-worker-2",
"C": "red",
"S": "Stop",
"T": "55149"
},
{
"N": "Task-139-1",
"Th": "ForkJoinPool-1-worker-4",
"C": "red",
"S": "Start",
"T": "54887"
},
{
"N": "Task-139-1",
"Th": "ForkJoinPool-1-worker-4",
"C": "red",
"S": "Stop",
"T": "55153"
},
{
"N": "Task-139-2",
"Th": "ForkJoinPool-1-worker-6",
"C": "red",
"S": "Start",
"T": "54893"
},
{
"N": "Task-139-2",
"Th": "ForkJoinPool-1-worker-6",
"C": "red",
"S": "Stop",
"T": "55150"
},
{
"N": "Task-139-3",
"Th": "ForkJoinPool-1-worker-5",
"C": "red",
"S": "Start",
"T": "54882"
},
{
"N": "Task-139-3",
"Th": "ForkJoinPool-1-worker-5",
"C": "red",
"S": "Stop",
"T": "55156"
},
{
"N": "MasterTask-139",
"Th": "ForkJoinPool-1-worker-5",
"C": "red",
"S": "Start",
"T": "54881"
},
{
"N": "MasterTask-139",
"Th": "ForkJoinPool-1-worker-5",
"C": "red",
"S": "Stop",
"T": "55157"
},
{
"N": "Request-139",
"Th": "http-bio-8080-exec-2",
"C": "red",
"S": "Start",
"T": "54073"
},
{
"N": "Request-139",
"Th": "http-bio-8080-exec-2",
"C": "red",
"S": "Stop",
"T": "55157"
},
{
"N": "Task-140-0",
"Th": "ForkJoinPool-1-worker-6",
"C": "silver",
"S": "Start",
"T": "55150"
},
{
"N": "Task-140-0",
"Th": "ForkJoinPool-1-worker-6",
"C": "silver",
"S": "Stop",
"T": "55390"
},
{
"N": "Task-140-1",
"Th": "ForkJoinPool-1-worker-4",
"C": "silver",
"S": "Start",
"T": "55154"
},
{
"N": "Task-140-1",
"Th": "ForkJoinPool-1-worker-4",
"C": "silver",
"S": "Stop",
"T": "55394"
},
{
"N": "Task-140-2",
"Th": "ForkJoinPool-1-worker-5",
"C": "silver",
"S": "Start",
"T": "55160"
},
{
"N": "Task-140-2",
"Th": "ForkJoinPool-1-worker-5",
"C": "silver",
"S": "Stop",
"T": "55404"
},
{
"N": "Task-140-3",
"Th": "ForkJoinPool-1-worker-2",
"C": "silver",
"S": "Start",
"T": "55149"
},
{
"N": "Task-140-3",
"Th": "ForkJoinPool-1-worker-2",
"C": "silver",
"S": "Stop",
"T": "55392"
},
{
"N": "MasterTask-140",
"Th": "ForkJoinPool-1-worker-2",
"C": "silver",
"S": "Start",
"T": "55149"
},
{
"N": "MasterTask-140",
"Th": "ForkJoinPool-1-worker-2",
"C": "silver",
"S": "Stop",
"T": "55405"
},
{
"N": "Request-140",
"Th": "http-bio-8080-exec-1",
"C": "silver",
"S": "Start",
"T": "54326"
},
{
"N": "Request-140",
"Th": "http-bio-8080-exec-1",
"C": "silver",
"S": "Stop",
"T": "55405"
},
{
"N": "Task-141-0",
"Th": "ForkJoinPool-1-worker-4",
"C": "teal",
"S": "Start",
"T": "55395"
},
{
"N": "Task-141-0",
"Th": "ForkJoinPool-1-worker-4",
"C": "teal",
"S": "Stop",
"T": "55641"
},
{
"N": "Task-141-1",
"Th": "ForkJoinPool-1-worker-5",
"C": "teal",
"S": "Start",
"T": "55404"
},
{
"N": "Task-141-1",
"Th": "ForkJoinPool-1-worker-5",
"C": "teal",
"S": "Stop",
"T": "55650"
},
{
"N": "Task-141-2",
"Th": "ForkJoinPool-1-worker-2",
"C": "teal",
"S": "Start",
"T": "55405"
},
{
"N": "Task-141-2",
"Th": "ForkJoinPool-1-worker-2",
"C": "teal",
"S": "Stop",
"T": "55656"
},
{
"N": "Task-141-3",
"Th": "ForkJoinPool-1-worker-6",
"C": "teal",
"S": "Start",
"T": "55391"
},
{
"N": "Task-141-3",
"Th": "ForkJoinPool-1-worker-6",
"C": "teal",
"S": "Stop",
"T": "55643"
},
{
"N": "MasterTask-141",
"Th": "ForkJoinPool-1-worker-6",
"C": "teal",
"S": "Start",
"T": "55390"
},
{
"N": "MasterTask-141",
"Th": "ForkJoinPool-1-worker-6",
"C": "teal",
"S": "Stop",
"T": "55657"
},
{
"N": "Request-141",
"Th": "http-bio-8080-exec-3",
"C": "teal",
"S": "Start",
"T": "54598"
},
{
"N": "Request-141",
"Th": "http-bio-8080-exec-3",
"C": "teal",
"S": "Stop",
"T": "55657"
},
{
"N": "Task-142-0",
"Th": "ForkJoinPool-1-worker-5",
"C": "yellow",
"S": "Start",
"T": "55650"
},
{
"N": "Task-142-0",
"Th": "ForkJoinPool-1-worker-5",
"C": "yellow",
"S": "Stop",
"T": "55932"
},
{
"N": "Task-142-1",
"Th": "ForkJoinPool-1-worker-2",
"C": "yellow",
"S": "Start",
"T": "55657"
},
{
"N": "Task-142-1",
"Th": "ForkJoinPool-1-worker-2",
"C": "yellow",
"S": "Stop",
"T": "55938"
},
{
"N": "Task-142-2",
"Th": "ForkJoinPool-1-worker-6",
"C": "yellow",
"S": "Start",
"T": "55657"
},
{
"N": "Task-142-2",
"Th": "ForkJoinPool-1-worker-6",
"C": "yellow",
"S": "Stop",
"T": "55941"
},
{
"N": "Task-142-3",
"Th": "ForkJoinPool-1-worker-4",
"C": "yellow",
"S": "Start",
"T": "55642"
},
{
"N": "Task-142-3",
"Th": "ForkJoinPool-1-worker-4",
"C": "yellow",
"S": "Stop",
"T": "55918"
},
{
"N": "MasterTask-142",
"Th": "ForkJoinPool-1-worker-4",
"C": "yellow",
"S": "Start",
"T": "55642"
},
{
"N": "MasterTask-142",
"Th": "ForkJoinPool-1-worker-4",
"C": "yellow",
"S": "Stop",
"T": "55942"
},
{
"N": "Request-142",
"Th": "http-bio-8080-exec-4",
"C": "yellow",
"S": "Start",
"T": "54892"
},
{
"N": "Request-142",
"Th": "http-bio-8080-exec-4",
"C": "yellow",
"S": "Stop",
"T": "55942"
},
{
"N": "Task-143-0",
"Th": "ForkJoinPool-1-worker-2",
"C": "aqua",
"S": "Start",
"T": "55938"
},
{
"N": "Task-143-0",
"Th": "ForkJoinPool-1-worker-2",
"C": "aqua",
"S": "Stop",
"T": "56188"
},
{
"N": "Task-143-1",
"Th": "ForkJoinPool-1-worker-6",
"C": "aqua",
"S": "Start",
"T": "55942"
},
{
"N": "Task-143-1",
"Th": "ForkJoinPool-1-worker-6",
"C": "aqua",
"S": "Stop",
"T": "56194"
},
{
"N": "Task-143-2",
"Th": "ForkJoinPool-1-worker-4",
"C": "aqua",
"S": "Start",
"T": "55943"
},
{
"N": "Task-143-2",
"Th": "ForkJoinPool-1-worker-4",
"C": "aqua",
"S": "Stop",
"T": "56189"
},
{
"N": "Task-143-3",
"Th": "ForkJoinPool-1-worker-5",
"C": "aqua",
"S": "Start",
"T": "55934"
},
{
"N": "Task-143-3",
"Th": "ForkJoinPool-1-worker-5",
"C": "aqua",
"S": "Stop",
"T": "56194"
},
{
"N": "MasterTask-143",
"Th": "ForkJoinPool-1-worker-5",
"C": "aqua",
"S": "Start",
"T": "55933"
},
{
"N": "MasterTask-143",
"Th": "ForkJoinPool-1-worker-5",
"C": "aqua",
"S": "Stop",
"T": "56195"
},
{
"N": "Request-143",
"Th": "http-bio-8080-exec-2",
"C": "aqua",
"S": "Start",
"T": "55160"
},
{
"N": "Request-143",
"Th": "http-bio-8080-exec-2",
"C": "aqua",
"S": "Stop",
"T": "56195"
},
{
"N": "Task-144-0",
"Th": "ForkJoinPool-1-worker-4",
"C": "blue",
"S": "Start",
"T": "56189"
},
{
"N": "Task-144-0",
"Th": "ForkJoinPool-1-worker-4",
"C": "blue",
"S": "Stop",
"T": "56434"
},
{
"N": "Task-144-1",
"Th": "ForkJoinPool-1-worker-6",
"C": "blue",
"S": "Start",
"T": "56194"
},
{
"N": "Task-144-1",
"Th": "ForkJoinPool-1-worker-6",
"C": "blue",
"S": "Stop",
"T": "56443"
},
{
"N": "Task-144-2",
"Th": "ForkJoinPool-1-worker-5",
"C": "blue",
"S": "Start",
"T": "56198"
},
{
"N": "Task-144-2",
"Th": "ForkJoinPool-1-worker-5",
"C": "blue",
"S": "Stop",
"T": "56448"
},
{
"N": "Task-144-3",
"Th": "ForkJoinPool-1-worker-2",
"C": "blue",
"S": "Start",
"T": "56189"
},
{
"N": "Task-144-3",
"Th": "ForkJoinPool-1-worker-2",
"C": "blue",
"S": "Stop",
"T": "56437"
},
{
"N": "MasterTask-144",
"Th": "ForkJoinPool-1-worker-2",
"C": "blue",
"S": "Start",
"T": "56188"
},
{
"N": "MasterTask-144",
"Th": "ForkJoinPool-1-worker-2",
"C": "blue",
"S": "Stop",
"T": "56449"
},
{
"N": "Request-144",
"Th": "http-bio-8080-exec-1",
"C": "blue",
"S": "Start",
"T": "55409"
},
{
"N": "Request-144",
"Th": "http-bio-8080-exec-1",
"C": "blue",
"S": "Stop",
"T": "56449"
},
{
"N": "Task-145-0",
"Th": "ForkJoinPool-1-worker-6",
"C": "fuchsia",
"S": "Start",
"T": "56443"
},
{
"N": "Task-145-0",
"Th": "ForkJoinPool-1-worker-6",
"C": "fuchsia",
"S": "Stop",
"T": "56692"
},
{
"N": "Task-145-1",
"Th": "ForkJoinPool-1-worker-5",
"C": "fuchsia",
"S": "Start",
"T": "56449"
},
{
"N": "Task-145-1",
"Th": "ForkJoinPool-1-worker-5",
"C": "fuchsia",
"S": "Stop",
"T": "56701"
},
{
"N": "Task-145-2",
"Th": "ForkJoinPool-1-worker-2",
"C": "fuchsia",
"S": "Start",
"T": "56449"
},
{
"N": "Task-145-2",
"Th": "ForkJoinPool-1-worker-2",
"C": "fuchsia",
"S": "Stop",
"T": "56696"
},
{
"N": "Task-145-3",
"Th": "ForkJoinPool-1-worker-4",
"C": "fuchsia",
"S": "Start",
"T": "56435"
},
{
"N": "Task-145-3",
"Th": "ForkJoinPool-1-worker-4",
"C": "fuchsia",
"S": "Stop",
"T": "56688"
},
{
"N": "MasterTask-145",
"Th": "ForkJoinPool-1-worker-4",
"C": "fuchsia",
"S": "Start",
"T": "56434"
},
{
"N": "MasterTask-145",
"Th": "ForkJoinPool-1-worker-4",
"C": "fuchsia",
"S": "Stop",
"T": "56702"
},
{
"N": "Request-145",
"Th": "http-bio-8080-exec-3",
"C": "fuchsia",
"S": "Start",
"T": "55661"
},
{
"N": "Request-145",
"Th": "http-bio-8080-exec-3",
"C": "fuchsia",
"S": "Stop",
"T": "56702"
},
{
"N": "Task-146-0",
"Th": "ForkJoinPool-1-worker-2",
"C": "gray",
"S": "Start",
"T": "56696"
},
{
"N": "Task-146-0",
"Th": "ForkJoinPool-1-worker-2",
"C": "gray",
"S": "Stop",
"T": "56980"
},
{
"N": "Task-146-1",
"Th": "ForkJoinPool-1-worker-5",
"C": "gray",
"S": "Start",
"T": "56702"
},
{
"N": "Task-146-1",
"Th": "ForkJoinPool-1-worker-5",
"C": "gray",
"S": "Stop",
"T": "56993"
},
{
"N": "Task-146-2",
"Th": "ForkJoinPool-1-worker-4",
"C": "gray",
"S": "Start",
"T": "56702"
},
{
"N": "Task-146-2",
"Th": "ForkJoinPool-1-worker-4",
"C": "gray",
"S": "Stop",
"T": "56989"
},
{
"N": "Task-146-3",
"Th": "ForkJoinPool-1-worker-6",
"C": "gray",
"S": "Start",
"T": "56692"
},
{
"N": "Task-146-3",
"Th": "ForkJoinPool-1-worker-6",
"C": "gray",
"S": "Stop",
"T": "56984"
},
{
"N": "MasterTask-146",
"Th": "ForkJoinPool-1-worker-6",
"C": "gray",
"S": "Start",
"T": "56692"
},
{
"N": "MasterTask-146",
"Th": "ForkJoinPool-1-worker-6",
"C": "gray",
"S": "Stop",
"T": "56994"
},
{
"N": "Request-146",
"Th": "http-bio-8080-exec-4",
"C": "gray",
"S": "Start",
"T": "55945"
},
{
"N": "Request-146",
"Th": "http-bio-8080-exec-4",
"C": "gray",
"S": "Stop",
"T": "56994"
},
{
"N": "Task-147-0",
"Th": "ForkJoinPool-1-worker-4",
"C": "green",
"S": "Start",
"T": "56989"
},
{
"N": "Task-147-0",
"Th": "ForkJoinPool-1-worker-4",
"C": "green",
"S": "Stop",
"T": "57247"
},
{
"N": "Task-147-1",
"Th": "ForkJoinPool-1-worker-5",
"C": "green",
"S": "Start",
"T": "56993"
},
{
"N": "Task-147-1",
"Th": "ForkJoinPool-1-worker-5",
"C": "green",
"S": "Stop",
"T": "57254"
},
{
"N": "Task-147-2",
"Th": "ForkJoinPool-1-worker-6",
"C": "green",
"S": "Start",
"T": "57000"
},
{
"N": "Task-147-2",
"Th": "ForkJoinPool-1-worker-6",
"C": "green",
"S": "Stop",
"T": "57257"
},
{
"N": "Task-147-3",
"Th": "ForkJoinPool-1-worker-2",
"C": "green",
"S": "Start",
"T": "56981"
},
{
"N": "Task-147-3",
"Th": "ForkJoinPool-1-worker-2",
"C": "green",
"S": "Stop",
"T": "57242"
},
{
"N": "MasterTask-147",
"Th": "ForkJoinPool-1-worker-2",
"C": "green",
"S": "Start",
"T": "56980"
},
{
"N": "MasterTask-147",
"Th": "ForkJoinPool-1-worker-2",
"C": "green",
"S": "Stop",
"T": "57257"
},
{
"N": "Request-147",
"Th": "http-bio-8080-exec-2",
"C": "green",
"S": "Start",
"T": "56198"
},
{
"N": "Request-147",
"Th": "http-bio-8080-exec-2",
"C": "green",
"S": "Stop",
"T": "57257"
},
{
"N": "Task-148-0",
"Th": "ForkJoinPool-1-worker-5",
"C": "lime",
"S": "Start",
"T": "57254"
},
{
"N": "Task-148-0",
"Th": "ForkJoinPool-1-worker-5",
"C": "lime",
"S": "Stop",
"T": "57501"
},
{
"N": "Task-148-1",
"Th": "ForkJoinPool-1-worker-6",
"C": "lime",
"S": "Start",
"T": "57257"
},
{
"N": "Task-148-1",
"Th": "ForkJoinPool-1-worker-6",
"C": "lime",
"S": "Stop",
"T": "57497"
},
{
"N": "Task-148-2",
"Th": "ForkJoinPool-1-worker-2",
"C": "lime",
"S": "Start",
"T": "57257"
},
{
"N": "Task-148-2",
"Th": "ForkJoinPool-1-worker-2",
"C": "lime",
"S": "Stop",
"T": "57501"
},
{
"N": "Task-148-3",
"Th": "ForkJoinPool-1-worker-4",
"C": "lime",
"S": "Start",
"T": "57248"
},
{
"N": "Task-148-3",
"Th": "ForkJoinPool-1-worker-4",
"C": "lime",
"S": "Stop",
"T": "57489"
},
{
"N": "MasterTask-148",
"Th": "ForkJoinPool-1-worker-4",
"C": "lime",
"S": "Start",
"T": "57248"
},
{
"N": "MasterTask-148",
"Th": "ForkJoinPool-1-worker-4",
"C": "lime",
"S": "Stop",
"T": "57502"
},
{
"N": "Request-148",
"Th": "http-bio-8080-exec-1",
"C": "lime",
"S": "Start",
"T": "56453"
},
{
"N": "Request-148",
"Th": "http-bio-8080-exec-1",
"C": "lime",
"S": "Stop",
"T": "57502"
},
{
"N": "Task-149-0",
"Th": "ForkJoinPool-1-worker-2",
"C": "maroon",
"S": "Start",
"T": "57501"
},
{
"N": "Task-149-0",
"Th": "ForkJoinPool-1-worker-2",
"C": "maroon",
"S": "Stop",
"T": "57756"
},
{
"N": "Task-149-1",
"Th": "ForkJoinPool-1-worker-5",
"C": "maroon",
"S": "Start",
"T": "57501"
},
{
"N": "Task-149-1",
"Th": "ForkJoinPool-1-worker-5",
"C": "maroon",
"S": "Stop",
"T": "57758"
},
{
"N": "Task-149-2",
"Th": "ForkJoinPool-1-worker-4",
"C": "maroon",
"S": "Start",
"T": "57502"
},
{
"N": "Task-149-2",
"Th": "ForkJoinPool-1-worker-4",
"C": "maroon",
"S": "Stop",
"T": "57747"
},
{
"N": "Task-149-3",
"Th": "ForkJoinPool-1-worker-6",
"C": "maroon",
"S": "Start",
"T": "57498"
},
{
"N": "Task-149-3",
"Th": "ForkJoinPool-1-worker-6",
"C": "maroon",
"S": "Stop",
"T": "57755"
},
{
"N": "MasterTask-149",
"Th": "ForkJoinPool-1-worker-6",
"C": "maroon",
"S": "Start",
"T": "57497"
},
{
"N": "MasterTask-149",
"Th": "ForkJoinPool-1-worker-6",
"C": "maroon",
"S": "Stop",
"T": "57759"
},
{
"N": "Request-149",
"Th": "http-bio-8080-exec-3",
"C": "maroon",
"S": "Start",
"T": "56705"
},
{
"N": "Request-149",
"Th": "http-bio-8080-exec-3",
"C": "maroon",
"S": "Stop",
"T": "57759"
},
{
"N": "Task-150-0",
"Th": "ForkJoinPool-1-worker-2",
"C": "olive",
"S": "Start",
"T": "57757"
},
{
"N": "Task-150-0",
"Th": "ForkJoinPool-1-worker-2",
"C": "olive",
"S": "Stop",
"T": "58096"
},
{
"N": "Task-150-1",
"Th": "ForkJoinPool-1-worker-5",
"C": "olive",
"S": "Start",
"T": "57759"
},
{
"N": "Task-150-1",
"Th": "ForkJoinPool-1-worker-5",
"C": "olive",
"S": "Stop",
"T": "58058"
},
{
"N": "Task-150-2",
"Th": "ForkJoinPool-1-worker-6",
"C": "olive",
"S": "Start",
"T": "57763"
},
{
"N": "Task-150-2",
"Th": "ForkJoinPool-1-worker-6",
"C": "olive",
"S": "Stop",
"T": "58082"
},
{
"N": "Task-150-3",
"Th": "ForkJoinPool-1-worker-4",
"C": "olive",
"S": "Start",
"T": "57748"
},
{
"N": "Task-150-3",
"Th": "ForkJoinPool-1-worker-4",
"C": "olive",
"S": "Stop",
"T": "58059"
},
{
"N": "MasterTask-150",
"Th": "ForkJoinPool-1-worker-4",
"C": "olive",
"S": "Start",
"T": "57747"
},
{
"N": "MasterTask-150",
"Th": "ForkJoinPool-1-worker-4",
"C": "olive",
"S": "Stop",
"T": "58096"
},
{
"N": "Request-150",
"Th": "http-bio-8080-exec-4",
"C": "olive",
"S": "Start",
"T": "56999"
},
{
"N": "Request-150",
"Th": "http-bio-8080-exec-4",
"C": "olive",
"S": "Stop",
"T": "58097"
},
{
"N": "Task-151-0",
"Th": "ForkJoinPool-1-worker-6",
"C": "purple",
"S": "Start",
"T": "58086"
},
{
"N": "Task-151-0",
"Th": "ForkJoinPool-1-worker-6",
"C": "purple",
"S": "Stop",
"T": "58338"
},
{
"N": "Task-151-1",
"Th": "ForkJoinPool-1-worker-2",
"C": "purple",
"S": "Start",
"T": "58096"
},
{
"N": "Task-151-1",
"Th": "ForkJoinPool-1-worker-2",
"C": "purple",
"S": "Stop",
"T": "58351"
},
{
"N": "Task-151-2",
"Th": "ForkJoinPool-1-worker-4",
"C": "purple",
"S": "Start",
"T": "58101"
},
{
"N": "Task-151-2",
"Th": "ForkJoinPool-1-worker-4",
"C": "purple",
"S": "Stop",
"T": "58351"
},
{
"N": "Task-151-3",
"Th": "ForkJoinPool-1-worker-5",
"C": "purple",
"S": "Start",
"T": "58060"
},
{
"N": "Task-151-3",
"Th": "ForkJoinPool-1-worker-5",
"C": "purple",
"S": "Stop",
"T": "58326"
},
{
"N": "MasterTask-151",
"Th": "ForkJoinPool-1-worker-5",
"C": "purple",
"S": "Start",
"T": "58059"
},
{
"N": "MasterTask-151",
"Th": "ForkJoinPool-1-worker-5",
"C": "purple",
"S": "Stop",
"T": "58352"
},
{
"N": "Request-151",
"Th": "http-bio-8080-exec-2",
"C": "purple",
"S": "Start",
"T": "57261"
},
{
"N": "Request-151",
"Th": "http-bio-8080-exec-2",
"C": "purple",
"S": "Stop",
"T": "58352"
},
{
"N": "Task-152-0",
"Th": "ForkJoinPool-1-worker-4",
"C": "red",
"S": "Start",
"T": "58351"
},
{
"N": "Task-152-0",
"Th": "ForkJoinPool-1-worker-4",
"C": "red",
"S": "Stop",
"T": "58599"
},
{
"N": "Task-152-1",
"Th": "ForkJoinPool-1-worker-2",
"C": "red",
"S": "Start",
"T": "58351"
},
{
"N": "Task-152-1",
"Th": "ForkJoinPool-1-worker-2",
"C": "red",
"S": "Stop",
"T": "58596"
},
{
"N": "Task-152-2",
"Th": "ForkJoinPool-1-worker-5",
"C": "red",
"S": "Start",
"T": "58355"
},
{
"N": "Task-152-2",
"Th": "ForkJoinPool-1-worker-5",
"C": "red",
"S": "Stop",
"T": "58602"
},
{
"N": "Task-152-3",
"Th": "ForkJoinPool-1-worker-6",
"C": "red",
"S": "Start",
"T": "58339"
},
{
"N": "Task-152-3",
"Th": "ForkJoinPool-1-worker-6",
"C": "red",
"S": "Stop",
"T": "58584"
},
{
"N": "MasterTask-152",
"Th": "ForkJoinPool-1-worker-6",
"C": "red",
"S": "Start",
"T": "58338"
},
{
"N": "MasterTask-152",
"Th": "ForkJoinPool-1-worker-6",
"C": "red",
"S": "Stop",
"T": "58602"
},
{
"N": "Request-152",
"Th": "http-bio-8080-exec-1",
"C": "red",
"S": "Start",
"T": "57505"
},
{
"N": "Request-152",
"Th": "http-bio-8080-exec-1",
"C": "red",
"S": "Stop",
"T": "58602"
},
{
"N": "Task-153-0",
"Th": "ForkJoinPool-1-worker-4",
"C": "silver",
"S": "Start",
"T": "58600"
},
{
"N": "Task-153-0",
"Th": "ForkJoinPool-1-worker-4",
"C": "silver",
"S": "Stop",
"T": "58853"
},
{
"N": "Task-153-1",
"Th": "ForkJoinPool-1-worker-5",
"C": "silver",
"S": "Start",
"T": "58602"
},
{
"N": "Task-153-1",
"Th": "ForkJoinPool-1-worker-5",
"C": "silver",
"S": "Stop",
"T": "58856"
},
{
"N": "Task-153-2",
"Th": "ForkJoinPool-1-worker-6",
"C": "silver",
"S": "Start",
"T": "58603"
},
{
"N": "Task-153-2",
"Th": "ForkJoinPool-1-worker-6",
"C": "silver",
"S": "Stop",
"T": "58854"
},
{
"N": "Task-153-3",
"Th": "ForkJoinPool-1-worker-2",
"C": "silver",
"S": "Start",
"T": "58597"
},
{
"N": "Task-153-3",
"Th": "ForkJoinPool-1-worker-2",
"C": "silver",
"S": "Stop",
"T": "58844"
},
{
"N": "MasterTask-153",
"Th": "ForkJoinPool-1-worker-2",
"C": "silver",
"S": "Start",
"T": "58596"
},
{
"N": "MasterTask-153",
"Th": "ForkJoinPool-1-worker-2",
"C": "silver",
"S": "Stop",
"T": "58885"
},
{
"N": "Request-153",
"Th": "http-bio-8080-exec-3",
"C": "silver",
"S": "Start",
"T": "57763"
},
{
"N": "Request-153",
"Th": "http-bio-8080-exec-3",
"C": "silver",
"S": "Stop",
"T": "58902"
},
{
"N": "Task-154-0",
"Th": "ForkJoinPool-1-worker-6",
"C": "teal",
"S": "Start",
"T": "58855"
},
{
"N": "Task-154-0",
"Th": "ForkJoinPool-1-worker-6",
"C": "teal",
"S": "Stop",
"T": "59241"
},
{
"N": "Task-154-1",
"Th": "ForkJoinPool-1-worker-5",
"C": "teal",
"S": "Start",
"T": "58856"
},
{
"N": "Task-154-1",
"Th": "ForkJoinPool-1-worker-5",
"C": "teal",
"S": "Stop",
"T": "59264"
},
{
"N": "Task-154-2",
"Th": "ForkJoinPool-1-worker-2",
"C": "teal",
"S": "Start",
"T": "58885"
},
{
"N": "Task-154-2",
"Th": "ForkJoinPool-1-worker-2",
"C": "teal",
"S": "Stop",
"T": "59252"
},
{
"N": "Task-154-3",
"Th": "ForkJoinPool-1-worker-4",
"C": "teal",
"S": "Start",
"T": "58855"
},
{
"N": "Task-154-3",
"Th": "ForkJoinPool-1-worker-4",
"C": "teal",
"S": "Stop",
"T": "59317"
},
{
"N": "MasterTask-154",
"Th": "ForkJoinPool-1-worker-4",
"C": "teal",
"S": "Start",
"T": "58854"
},
{
"N": "MasterTask-154",
"Th": "ForkJoinPool-1-worker-4",
"C": "teal",
"S": "Stop",
"T": "59317"
},
{
"N": "Request-154",
"Th": "http-bio-8080-exec-4",
"C": "teal",
"S": "Start",
"T": "58101"
},
{
"N": "Request-154",
"Th": "http-bio-8080-exec-4",
"C": "teal",
"S": "Stop",
"T": "59317"
},
{
"N": "Task-155-0",
"Th": "ForkJoinPool-1-worker-2",
"C": "yellow",
"S": "Start",
"T": "59252"
},
{
"N": "Task-155-0",
"Th": "ForkJoinPool-1-worker-2",
"C": "yellow",
"S": "Stop",
"T": "59507"
},
{
"N": "Task-155-1",
"Th": "ForkJoinPool-1-worker-5",
"C": "yellow",
"S": "Start",
"T": "59264"
},
{
"N": "Task-155-1",
"Th": "ForkJoinPool-1-worker-5",
"C": "yellow",
"S": "Stop",
"T": "59525"
},
{
"N": "Task-155-2",
"Th": "ForkJoinPool-1-worker-4",
"C": "yellow",
"S": "Start",
"T": "59322"
},
{
"N": "Task-155-2",
"Th": "ForkJoinPool-1-worker-4",
"C": "yellow",
"S": "Stop",
"T": "59573"
},
{
"N": "Task-155-3",
"Th": "ForkJoinPool-1-worker-6",
"C": "yellow",
"S": "Start",
"T": "59242"
},
{
"N": "Task-155-3",
"Th": "ForkJoinPool-1-worker-6",
"C": "yellow",
"S": "Stop",
"T": "59497"
},
{
"N": "MasterTask-155",
"Th": "ForkJoinPool-1-worker-6",
"C": "yellow",
"S": "Start",
"T": "59241"
},
{
"N": "MasterTask-155",
"Th": "ForkJoinPool-1-worker-6",
"C": "yellow",
"S": "Stop",
"T": "59574"
},
{
"N": "Request-155",
"Th": "http-bio-8080-exec-2",
"C": "yellow",
"S": "Start",
"T": "58355"
},
{
"N": "Request-155",
"Th": "http-bio-8080-exec-2",
"C": "yellow",
"S": "Stop",
"T": "59574"
},
{
"N": "Task-156-0",
"Th": "ForkJoinPool-1-worker-5",
"C": "aqua",
"S": "Start",
"T": "59525"
},
{
"N": "Task-156-0",
"Th": "ForkJoinPool-1-worker-5",
"C": "aqua",
"S": "Stop",
"T": "59782"
},
{
"N": "Task-156-1",
"Th": "ForkJoinPool-1-worker-4",
"C": "aqua",
"S": "Start",
"T": "59573"
},
{
"N": "Task-156-1",
"Th": "ForkJoinPool-1-worker-4",
"C": "aqua",
"S": "Stop",
"T": "59829"
},
{
"N": "Task-156-2",
"Th": "ForkJoinPool-1-worker-6",
"C": "aqua",
"S": "Start",
"T": "59574"
},
{
"N": "Task-156-2",
"Th": "ForkJoinPool-1-worker-6",
"C": "aqua",
"S": "Stop",
"T": "59822"
},
{
"N": "Task-156-3",
"Th": "ForkJoinPool-1-worker-2",
"C": "aqua",
"S": "Start",
"T": "59508"
},
{
"N": "Task-156-3",
"Th": "ForkJoinPool-1-worker-2",
"C": "aqua",
"S": "Stop",
"T": "59758"
},
{
"N": "MasterTask-156",
"Th": "ForkJoinPool-1-worker-2",
"C": "aqua",
"S": "Start",
"T": "59507"
},
{
"N": "MasterTask-156",
"Th": "ForkJoinPool-1-worker-2",
"C": "aqua",
"S": "Stop",
"T": "59829"
},
{
"N": "Request-156",
"Th": "http-bio-8080-exec-1",
"C": "aqua",
"S": "Start",
"T": "58605"
},
{
"N": "Request-156",
"Th": "http-bio-8080-exec-1",
"C": "aqua",
"S": "Stop",
"T": "59829"
},
{
"N": "Task-157-0",
"Th": "ForkJoinPool-1-worker-6",
"C": "blue",
"S": "Start",
"T": "59822"
},
{
"N": "Task-157-0",
"Th": "ForkJoinPool-1-worker-6",
"C": "blue",
"S": "Stop",
"T": "60079"
},
{
"N": "Task-157-1",
"Th": "ForkJoinPool-1-worker-4",
"C": "blue",
"S": "Start",
"T": "59829"
},
{
"N": "Task-157-1",
"Th": "ForkJoinPool-1-worker-4",
"C": "blue",
"S": "Stop",
"T": "60084"
},
{
"N": "Task-157-2",
"Th": "ForkJoinPool-1-worker-2",
"C": "blue",
"S": "Start",
"T": "59830"
},
{
"N": "Task-157-2",
"Th": "ForkJoinPool-1-worker-2",
"C": "blue",
"S": "Stop",
"T": "60096"
},
{
"N": "Task-157-3",
"Th": "ForkJoinPool-1-worker-5",
"C": "blue",
"S": "Start",
"T": "59783"
},
{
"N": "Task-157-3",
"Th": "ForkJoinPool-1-worker-5",
"C": "blue",
"S": "Stop",
"T": "60052"
},
{
"N": "MasterTask-157",
"Th": "ForkJoinPool-1-worker-5",
"C": "blue",
"S": "Start",
"T": "59782"
},
{
"N": "MasterTask-157",
"Th": "ForkJoinPool-1-worker-5",
"C": "blue",
"S": "Stop",
"T": "60097"
},
{
"N": "Request-157",
"Th": "http-bio-8080-exec-3",
"C": "blue",
"S": "Start",
"T": "58935"
},
{
"N": "Request-157",
"Th": "http-bio-8080-exec-3",
"C": "blue",
"S": "Stop",
"T": "60097"
},
{
"N": "Task-158-0",
"Th": "ForkJoinPool-1-worker-4",
"C": "fuchsia",
"S": "Start",
"T": "60084"
},
{
"N": "Task-158-0",
"Th": "ForkJoinPool-1-worker-4",
"C": "fuchsia",
"S": "Stop",
"T": "60367"
},
{
"N": "Task-158-1",
"Th": "ForkJoinPool-1-worker-2",
"C": "fuchsia",
"S": "Start",
"T": "60097"
},
{
"N": "Task-158-1",
"Th": "ForkJoinPool-1-worker-2",
"C": "fuchsia",
"S": "Stop",
"T": "60385"
},
{
"N": "Task-158-2",
"Th": "ForkJoinPool-1-worker-5",
"C": "fuchsia",
"S": "Start",
"T": "60097"
},
{
"N": "Task-158-2",
"Th": "ForkJoinPool-1-worker-5",
"C": "fuchsia",
"S": "Stop",
"T": "60382"
},
{
"N": "Task-158-3",
"Th": "ForkJoinPool-1-worker-6",
"C": "fuchsia",
"S": "Start",
"T": "60081"
},
{
"N": "Task-158-3",
"Th": "ForkJoinPool-1-worker-6",
"C": "fuchsia",
"S": "Stop",
"T": "60366"
},
{
"N": "MasterTask-158",
"Th": "ForkJoinPool-1-worker-6",
"C": "fuchsia",
"S": "Start",
"T": "60080"
},
{
"N": "MasterTask-158",
"Th": "ForkJoinPool-1-worker-6",
"C": "fuchsia",
"S": "Stop",
"T": "60386"
},
{
"N": "Request-158",
"Th": "http-bio-8080-exec-4",
"C": "fuchsia",
"S": "Start",
"T": "59321"
},
{
"N": "Request-158",
"Th": "http-bio-8080-exec-4",
"C": "fuchsia",
"S": "Stop",
"T": "60386"
},
{
"N": "Task-159-0",
"Th": "ForkJoinPool-1-worker-5",
"C": "gray",
"S": "Start",
"T": "60382"
},
{
"N": "Task-159-0",
"Th": "ForkJoinPool-1-worker-5",
"C": "gray",
"S": "Stop",
"T": "60648"
},
{
"N": "Task-159-1",
"Th": "ForkJoinPool-1-worker-2",
"C": "gray",
"S": "Start",
"T": "60385"
},
{
"N": "Task-159-1",
"Th": "ForkJoinPool-1-worker-2",
"C": "gray",
"S": "Stop",
"T": "60653"
},
{
"N": "Task-159-2",
"Th": "ForkJoinPool-1-worker-6",
"C": "gray",
"S": "Start",
"T": "60390"
},
{
"N": "Task-159-2",
"Th": "ForkJoinPool-1-worker-6",
"C": "gray",
"S": "Stop",
"T": "60650"
},
{
"N": "Task-159-3",
"Th": "ForkJoinPool-1-worker-4",
"C": "gray",
"S": "Start",
"T": "60368"
},
{
"N": "Task-159-3",
"Th": "ForkJoinPool-1-worker-4",
"C": "gray",
"S": "Stop",
"T": "60631"
},
{
"N": "MasterTask-159",
"Th": "ForkJoinPool-1-worker-4",
"C": "gray",
"S": "Start",
"T": "60368"
},
{
"N": "MasterTask-159",
"Th": "ForkJoinPool-1-worker-4",
"C": "gray",
"S": "Stop",
"T": "60654"
},
{
"N": "Request-159",
"Th": "http-bio-8080-exec-2",
"C": "gray",
"S": "Start",
"T": "59577"
},
{
"N": "Request-159",
"Th": "http-bio-8080-exec-2",
"C": "gray",
"S": "Stop",
"T": "60655"
},
{
"N": "Task-160-0",
"Th": "ForkJoinPool-1-worker-6",
"C": "green",
"S": "Start",
"T": "60651"
},
{
"N": "Task-160-0",
"Th": "ForkJoinPool-1-worker-6",
"C": "green",
"S": "Stop",
"T": "60895"
},
{
"N": "Task-160-1",
"Th": "ForkJoinPool-1-worker-2",
"C": "green",
"S": "Start",
"T": "60654"
},
{
"N": "Task-160-1",
"Th": "ForkJoinPool-1-worker-2",
"C": "green",
"S": "Stop",
"T": "60904"
},
{
"N": "Task-160-2",
"Th": "ForkJoinPool-1-worker-4",
"C": "green",
"S": "Start",
"T": "60655"
},
{
"N": "Task-160-2",
"Th": "ForkJoinPool-1-worker-4",
"C": "green",
"S": "Stop",
"T": "60901"
},
{
"N": "Task-160-3",
"Th": "ForkJoinPool-1-worker-5",
"C": "green",
"S": "Start",
"T": "60648"
},
{
"N": "Task-160-3",
"Th": "ForkJoinPool-1-worker-5",
"C": "green",
"S": "Stop",
"T": "60904"
},
{
"N": "MasterTask-160",
"Th": "ForkJoinPool-1-worker-5",
"C": "green",
"S": "Start",
"T": "60648"
},
{
"N": "MasterTask-160",
"Th": "ForkJoinPool-1-worker-5",
"C": "green",
"S": "Stop",
"T": "60904"
},
{
"N": "Request-160",
"Th": "http-bio-8080-exec-1",
"C": "green",
"S": "Start",
"T": "59833"
},
{
"N": "Request-160",
"Th": "http-bio-8080-exec-1",
"C": "green",
"S": "Stop",
"T": "60905"
},
{
"N": "Task-161-0",
"Th": "ForkJoinPool-1-worker-4",
"C": "lime",
"S": "Start",
"T": "60901"
},
{
"N": "Task-161-0",
"Th": "ForkJoinPool-1-worker-4",
"C": "lime",
"S": "Stop",
"T": "61157"
},
{
"N": "Task-161-1",
"Th": "ForkJoinPool-1-worker-2",
"C": "lime",
"S": "Start",
"T": "60904"
},
{
"N": "Task-161-1",
"Th": "ForkJoinPool-1-worker-2",
"C": "lime",
"S": "Stop",
"T": "61169"
},
{
"N": "Task-161-2",
"Th": "ForkJoinPool-1-worker-5",
"C": "lime",
"S": "Start",
"T": "60905"
},
{
"N": "Task-161-2",
"Th": "ForkJoinPool-1-worker-5",
"C": "lime",
"S": "Stop",
"T": "61168"
},
{
"N": "Task-161-3",
"Th": "ForkJoinPool-1-worker-6",
"C": "lime",
"S": "Start",
"T": "60896"
},
{
"N": "Task-161-3",
"Th": "ForkJoinPool-1-worker-6",
"C": "lime",
"S": "Stop",
"T": "61154"
},
{
"N": "MasterTask-161",
"Th": "ForkJoinPool-1-worker-6",
"C": "lime",
"S": "Start",
"T": "60895"
},
{
"N": "MasterTask-161",
"Th": "ForkJoinPool-1-worker-6",
"C": "lime",
"S": "Stop",
"T": "61170"
},
{
"N": "Request-161",
"Th": "http-bio-8080-exec-3",
"C": "lime",
"S": "Start",
"T": "60101"
},
{
"N": "Request-161",
"Th": "http-bio-8080-exec-3",
"C": "lime",
"S": "Stop",
"T": "61170"
},
{
"N": "Task-162-0",
"Th": "ForkJoinPool-1-worker-5",
"C": "maroon",
"S": "Start",
"T": "61168"
},
{
"N": "Task-162-0",
"Th": "ForkJoinPool-1-worker-5",
"C": "maroon",
"S": "Stop",
"T": "61438"
},
{
"N": "Task-162-1",
"Th": "ForkJoinPool-1-worker-2",
"C": "maroon",
"S": "Start",
"T": "61169"
},
{
"N": "Task-162-1",
"Th": "ForkJoinPool-1-worker-2",
"C": "maroon",
"S": "Stop",
"T": "61433"
},
{
"N": "Task-162-2",
"Th": "ForkJoinPool-1-worker-6",
"C": "maroon",
"S": "Start",
"T": "61170"
},
{
"N": "Task-162-2",
"Th": "ForkJoinPool-1-worker-6",
"C": "maroon",
"S": "Stop",
"T": "61427"
},
{
"N": "Task-162-3",
"Th": "ForkJoinPool-1-worker-4",
"C": "maroon",
"S": "Start",
"T": "61158"
},
{
"N": "Task-162-3",
"Th": "ForkJoinPool-1-worker-4",
"C": "maroon",
"S": "Stop",
"T": "61419"
},
{
"N": "MasterTask-162",
"Th": "ForkJoinPool-1-worker-4",
"C": "maroon",
"S": "Start",
"T": "61158"
},
{
"N": "MasterTask-162",
"Th": "ForkJoinPool-1-worker-4",
"C": "maroon",
"S": "Stop",
"T": "61438"
},
{
"N": "Request-162",
"Th": "http-bio-8080-exec-4",
"C": "maroon",
"S": "Start",
"T": "60389"
},
{
"N": "Request-162",
"Th": "http-bio-8080-exec-4",
"C": "maroon",
"S": "Stop",
"T": "61439"
},
{
"N": "Task-163-0",
"Th": "ForkJoinPool-1-worker-2",
"C": "olive",
"S": "Start",
"T": "61433"
},
{
"N": "Task-163-0",
"Th": "ForkJoinPool-1-worker-2",
"C": "olive",
"S": "Stop",
"T": "61687"
},
{
"N": "Task-163-1",
"Th": "ForkJoinPool-1-worker-5",
"C": "olive",
"S": "Start",
"T": "61438"
},
{
"N": "Task-163-1",
"Th": "ForkJoinPool-1-worker-5",
"C": "olive",
"S": "Stop",
"T": "61693"
},
{
"N": "Task-163-2",
"Th": "ForkJoinPool-1-worker-4",
"C": "olive",
"S": "Start",
"T": "61439"
},
{
"N": "Task-163-2",
"Th": "ForkJoinPool-1-worker-4",
"C": "olive",
"S": "Stop",
"T": "61699"
},
{
"N": "Task-163-3",
"Th": "ForkJoinPool-1-worker-6",
"C": "olive",
"S": "Start",
"T": "61427"
},
{
"N": "Task-163-3",
"Th": "ForkJoinPool-1-worker-6",
"C": "olive",
"S": "Stop",
"T": "61684"
},
{
"N": "MasterTask-163",
"Th": "ForkJoinPool-1-worker-6",
"C": "olive",
"S": "Start",
"T": "61427"
},
{
"N": "MasterTask-163",
"Th": "ForkJoinPool-1-worker-6",
"C": "olive",
"S": "Stop",
"T": "61700"
},
{
"N": "Request-163",
"Th": "http-bio-8080-exec-2",
"C": "olive",
"S": "Start",
"T": "60659"
},
{
"N": "Request-163",
"Th": "http-bio-8080-exec-2",
"C": "olive",
"S": "Stop",
"T": "61700"
},
{
"N": "Task-164-0",
"Th": "ForkJoinPool-1-worker-5",
"C": "purple",
"S": "Start",
"T": "61693"
},
{
"N": "Task-164-0",
"Th": "ForkJoinPool-1-worker-5",
"C": "purple",
"S": "Stop",
"T": "61949"
},
{
"N": "Task-164-1",
"Th": "ForkJoinPool-1-worker-4",
"C": "purple",
"S": "Start",
"T": "61700"
},
{
"N": "Task-164-1",
"Th": "ForkJoinPool-1-worker-4",
"C": "purple",
"S": "Stop",
"T": "61956"
},
{
"N": "Task-164-2",
"Th": "ForkJoinPool-1-worker-6",
"C": "purple",
"S": "Start",
"T": "61700"
},
{
"N": "Task-164-2",
"Th": "ForkJoinPool-1-worker-6",
"C": "purple",
"S": "Stop",
"T": "61954"
},
{
"N": "Task-164-3",
"Th": "ForkJoinPool-1-worker-2",
"C": "purple",
"S": "Start",
"T": "61688"
},
{
"N": "Task-164-3",
"Th": "ForkJoinPool-1-worker-2",
"C": "purple",
"S": "Stop",
"T": "61948"
},
{
"N": "MasterTask-164",
"Th": "ForkJoinPool-1-worker-2",
"C": "purple",
"S": "Start",
"T": "61688"
},
{
"N": "MasterTask-164",
"Th": "ForkJoinPool-1-worker-2",
"C": "purple",
"S": "Stop",
"T": "61957"
},
{
"N": "Request-164",
"Th": "http-bio-8080-exec-1",
"C": "purple",
"S": "Start",
"T": "60908"
},
{
"N": "Request-164",
"Th": "http-bio-8080-exec-1",
"C": "purple",
"S": "Stop",
"T": "61957"
},
{
"N": "Task-165-0",
"Th": "ForkJoinPool-1-worker-6",
"C": "red",
"S": "Start",
"T": "61954"
},
{
"N": "Task-165-0",
"Th": "ForkJoinPool-1-worker-6",
"C": "red",
"S": "Stop",
"T": "62209"
},
{
"N": "Task-165-1",
"Th": "ForkJoinPool-1-worker-4",
"C": "red",
"S": "Start",
"T": "61957"
},
{
"N": "Task-165-1",
"Th": "ForkJoinPool-1-worker-4",
"C": "red",
"S": "Stop",
"T": "62211"
},
{
"N": "Task-165-2",
"Th": "ForkJoinPool-1-worker-2",
"C": "red",
"S": "Start",
"T": "61962"
},
{
"N": "Task-165-2",
"Th": "ForkJoinPool-1-worker-2",
"C": "red",
"S": "Stop",
"T": "62216"
},
{
"N": "Task-165-3",
"Th": "ForkJoinPool-1-worker-5",
"C": "red",
"S": "Start",
"T": "61950"
},
{
"N": "Task-165-3",
"Th": "ForkJoinPool-1-worker-5",
"C": "red",
"S": "Stop",
"T": "62215"
},
{
"N": "MasterTask-165",
"Th": "ForkJoinPool-1-worker-5",
"C": "red",
"S": "Start",
"T": "61950"
},
{
"N": "MasterTask-165",
"Th": "ForkJoinPool-1-worker-5",
"C": "red",
"S": "Stop",
"T": "62216"
},
{
"N": "Request-165",
"Th": "http-bio-8080-exec-3",
"C": "red",
"S": "Start",
"T": "61173"
},
{
"N": "Request-165",
"Th": "http-bio-8080-exec-3",
"C": "red",
"S": "Stop",
"T": "62216"
},
{
"N": "Task-166-0",
"Th": "ForkJoinPool-1-worker-4",
"C": "silver",
"S": "Start",
"T": "62211"
},
{
"N": "Task-166-0",
"Th": "ForkJoinPool-1-worker-4",
"C": "silver",
"S": "Stop",
"T": "62475"
},
{
"N": "Task-166-1",
"Th": "ForkJoinPool-1-worker-2",
"C": "silver",
"S": "Start",
"T": "62216"
},
{
"N": "Task-166-1",
"Th": "ForkJoinPool-1-worker-2",
"C": "silver",
"S": "Stop",
"T": "62490"
},
{
"N": "Task-166-2",
"Th": "ForkJoinPool-1-worker-5",
"C": "silver",
"S": "Start",
"T": "62217"
},
{
"N": "Task-166-2",
"Th": "ForkJoinPool-1-worker-5",
"C": "silver",
"S": "Stop",
"T": "62481"
},
{
"N": "Task-166-3",
"Th": "ForkJoinPool-1-worker-6",
"C": "silver",
"S": "Start",
"T": "62210"
},
{
"N": "Task-166-3",
"Th": "ForkJoinPool-1-worker-6",
"C": "silver",
"S": "Stop",
"T": "62470"
},
{
"N": "MasterTask-166",
"Th": "ForkJoinPool-1-worker-6",
"C": "silver",
"S": "Start",
"T": "62209"
},
{
"N": "MasterTask-166",
"Th": "ForkJoinPool-1-worker-6",
"C": "silver",
"S": "Stop",
"T": "62490"
},
{
"N": "Request-166",
"Th": "http-bio-8080-exec-4",
"C": "silver",
"S": "Start",
"T": "61442"
},
{
"N": "Request-166",
"Th": "http-bio-8080-exec-4",
"C": "silver",
"S": "Stop",
"T": "62491"
},
{
"N": "Task-167-0",
"Th": "ForkJoinPool-1-worker-5",
"C": "teal",
"S": "Start",
"T": "62482"
},
{
"N": "Task-167-0",
"Th": "ForkJoinPool-1-worker-5",
"C": "teal",
"S": "Stop",
"T": "62759"
},
{
"N": "Task-167-1",
"Th": "ForkJoinPool-1-worker-2",
"C": "teal",
"S": "Start",
"T": "62490"
},
{
"N": "Task-167-1",
"Th": "ForkJoinPool-1-worker-2",
"C": "teal",
"S": "Stop",
"T": "62765"
},
{
"N": "Task-167-2",
"Th": "ForkJoinPool-1-worker-6",
"C": "teal",
"S": "Start",
"T": "62493"
},
{
"N": "Task-167-2",
"Th": "ForkJoinPool-1-worker-6",
"C": "teal",
"S": "Stop",
"T": "62776"
},
{
"N": "Task-167-3",
"Th": "ForkJoinPool-1-worker-4",
"C": "teal",
"S": "Start",
"T": "62476"
},
{
"N": "Task-167-3",
"Th": "ForkJoinPool-1-worker-4",
"C": "teal",
"S": "Stop",
"T": "62754"
},
{
"N": "MasterTask-167",
"Th": "ForkJoinPool-1-worker-4",
"C": "teal",
"S": "Start",
"T": "62475"
},
{
"N": "MasterTask-167",
"Th": "ForkJoinPool-1-worker-4",
"C": "teal",
"S": "Stop",
"T": "62777"
},
{
"N": "Request-167",
"Th": "http-bio-8080-exec-2",
"C": "teal",
"S": "Start",
"T": "61704"
},
{
"N": "Request-167",
"Th": "http-bio-8080-exec-2",
"C": "teal",
"S": "Stop",
"T": "62777"
},
{
"N": "Task-168-0",
"Th": "ForkJoinPool-1-worker-2",
"C": "yellow",
"S": "Start",
"T": "62765"
},
{
"N": "Task-168-0",
"Th": "ForkJoinPool-1-worker-2",
"C": "yellow",
"S": "Stop",
"T": "63020"
},
{
"N": "Task-168-1",
"Th": "ForkJoinPool-1-worker-6",
"C": "yellow",
"S": "Start",
"T": "62776"
},
{
"N": "Task-168-1",
"Th": "ForkJoinPool-1-worker-6",
"C": "yellow",
"S": "Stop",
"T": "63017"
},
{
"N": "Task-168-2",
"Th": "ForkJoinPool-1-worker-4",
"C": "yellow",
"S": "Start",
"T": "62777"
},
{
"N": "Task-168-2",
"Th": "ForkJoinPool-1-worker-4",
"C": "yellow",
"S": "Stop",
"T": "63027"
},
{
"N": "Task-168-3",
"Th": "ForkJoinPool-1-worker-5",
"C": "yellow",
"S": "Start",
"T": "62760"
},
{
"N": "Task-168-3",
"Th": "ForkJoinPool-1-worker-5",
"C": "yellow",
"S": "Stop",
"T": "63026"
},
{
"N": "MasterTask-168",
"Th": "ForkJoinPool-1-worker-5",
"C": "yellow",
"S": "Start",
"T": "62760"
},
{
"N": "MasterTask-168",
"Th": "ForkJoinPool-1-worker-5",
"C": "yellow",
"S": "Stop",
"T": "63027"
},
{
"N": "Request-168",
"Th": "http-bio-8080-exec-1",
"C": "yellow",
"S": "Start",
"T": "61961"
},
{
"N": "Request-168",
"Th": "http-bio-8080-exec-1",
"C": "yellow",
"S": "Stop",
"T": "63028"
},
{
"N": "Task-169-0",
"Th": "ForkJoinPool-1-worker-2",
"C": "aqua",
"S": "Start",
"T": "63020"
},
{
"N": "Task-169-0",
"Th": "ForkJoinPool-1-worker-2",
"C": "aqua",
"S": "Stop",
"T": "63278"
},
{
"N": "Task-169-1",
"Th": "ForkJoinPool-1-worker-4",
"C": "aqua",
"S": "Start",
"T": "63027"
},
{
"N": "Task-169-1",
"Th": "ForkJoinPool-1-worker-4",
"C": "aqua",
"S": "Stop",
"T": "63291"
},
{
"N": "Task-169-2",
"Th": "ForkJoinPool-1-worker-5",
"C": "aqua",
"S": "Start",
"T": "63028"
},
{
"N": "Task-169-2",
"Th": "ForkJoinPool-1-worker-5",
"C": "aqua",
"S": "Stop",
"T": "63293"
},
{
"N": "Task-169-3",
"Th": "ForkJoinPool-1-worker-6",
"C": "aqua",
"S": "Start",
"T": "63017"
},
{
"N": "Task-169-3",
"Th": "ForkJoinPool-1-worker-6",
"C": "aqua",
"S": "Stop",
"T": "63277"
},
{
"N": "MasterTask-169",
"Th": "ForkJoinPool-1-worker-6",
"C": "aqua",
"S": "Start",
"T": "63017"
},
{
"N": "MasterTask-169",
"Th": "ForkJoinPool-1-worker-6",
"C": "aqua",
"S": "Stop",
"T": "63294"
},
{
"N": "Request-169",
"Th": "http-bio-8080-exec-3",
"C": "aqua",
"S": "Start",
"T": "62221"
},
{
"N": "Request-169",
"Th": "http-bio-8080-exec-3",
"C": "aqua",
"S": "Stop",
"T": "63294"
},
{
"N": "Task-170-0",
"Th": "ForkJoinPool-1-worker-4",
"C": "blue",
"S": "Start",
"T": "63291"
},
{
"N": "Task-170-0",
"Th": "ForkJoinPool-1-worker-4",
"C": "blue",
"S": "Stop",
"T": "63541"
},
{
"N": "Task-170-1",
"Th": "ForkJoinPool-1-worker-5",
"C": "blue",
"S": "Start",
"T": "63294"
},
{
"N": "Task-170-1",
"Th": "ForkJoinPool-1-worker-5",
"C": "blue",
"S": "Stop",
"T": "63546"
},
{
"N": "Task-170-2",
"Th": "ForkJoinPool-1-worker-6",
"C": "blue",
"S": "Start",
"T": "63294"
},
{
"N": "Task-170-2",
"Th": "ForkJoinPool-1-worker-6",
"C": "blue",
"S": "Stop",
"T": "63550"
},
{
"N": "Task-170-3",
"Th": "ForkJoinPool-1-worker-2",
"C": "blue",
"S": "Start",
"T": "63279"
},
{
"N": "Task-170-3",
"Th": "ForkJoinPool-1-worker-2",
"C": "blue",
"S": "Stop",
"T": "63538"
},
{
"N": "MasterTask-170",
"Th": "ForkJoinPool-1-worker-2",
"C": "blue",
"S": "Start",
"T": "63278"
},
{
"N": "MasterTask-170",
"Th": "ForkJoinPool-1-worker-2",
"C": "blue",
"S": "Stop",
"T": "63550"
},
{
"N": "Request-170",
"Th": "http-bio-8080-exec-4",
"C": "blue",
"S": "Start",
"T": "62495"
},
{
"N": "Request-170",
"Th": "http-bio-8080-exec-4",
"C": "blue",
"S": "Stop",
"T": "63550"
},
{
"N": "Task-171-0",
"Th": "ForkJoinPool-1-worker-5",
"C": "fuchsia",
"S": "Start",
"T": "63546"
},
{
"N": "Task-171-0",
"Th": "ForkJoinPool-1-worker-5",
"C": "fuchsia",
"S": "Stop",
"T": "63815"
},
{
"N": "Task-171-1",
"Th": "ForkJoinPool-1-worker-6",
"C": "fuchsia",
"S": "Start",
"T": "63550"
},
{
"N": "Task-171-1",
"Th": "ForkJoinPool-1-worker-6",
"C": "fuchsia",
"S": "Stop",
"T": "63822"
},
{
"N": "Task-171-2",
"Th": "ForkJoinPool-1-worker-2",
"C": "fuchsia",
"S": "Start",
"T": "63550"
},
{
"N": "Task-171-2",
"Th": "ForkJoinPool-1-worker-2",
"C": "fuchsia",
"S": "Stop",
"T": "63822"
},
{
"N": "Task-171-3",
"Th": "ForkJoinPool-1-worker-4",
"C": "fuchsia",
"S": "Start",
"T": "63542"
},
{
"N": "Task-171-3",
"Th": "ForkJoinPool-1-worker-4",
"C": "fuchsia",
"S": "Stop",
"T": "63822"
},
{
"N": "MasterTask-171",
"Th": "ForkJoinPool-1-worker-4",
"C": "fuchsia",
"S": "Start",
"T": "63541"
},
{
"N": "MasterTask-171",
"Th": "ForkJoinPool-1-worker-4",
"C": "fuchsia",
"S": "Stop",
"T": "63823"
},
{
"N": "Request-171",
"Th": "http-bio-8080-exec-2",
"C": "fuchsia",
"S": "Start",
"T": "62781"
},
{
"N": "Request-171",
"Th": "http-bio-8080-exec-2",
"C": "fuchsia",
"S": "Stop",
"T": "63823"
},
{
"N": "Task-172-0",
"Th": "ForkJoinPool-1-worker-6",
"C": "gray",
"S": "Start",
"T": "63822"
},
{
"N": "Task-172-0",
"Th": "ForkJoinPool-1-worker-6",
"C": "gray",
"S": "Stop",
"T": "64072"
},
{
"N": "Task-172-1",
"Th": "ForkJoinPool-1-worker-2",
"C": "gray",
"S": "Start",
"T": "63822"
},
{
"N": "Task-172-1",
"Th": "ForkJoinPool-1-worker-2",
"C": "gray",
"S": "Stop",
"T": "64087"
},
{
"N": "Task-172-2",
"Th": "ForkJoinPool-1-worker-4",
"C": "gray",
"S": "Start",
"T": "63823"
},
{
"N": "Task-172-2",
"Th": "ForkJoinPool-1-worker-4",
"C": "gray",
"S": "Stop",
"T": "64079"
},
{
"N": "Task-172-3",
"Th": "ForkJoinPool-1-worker-5",
"C": "gray",
"S": "Start",
"T": "63816"
},
{
"N": "Task-172-3",
"Th": "ForkJoinPool-1-worker-5",
"C": "gray",
"S": "Stop",
"T": "64082"
},
{
"N": "MasterTask-172",
"Th": "ForkJoinPool-1-worker-5",
"C": "gray",
"S": "Start",
"T": "63815"
},
{
"N": "MasterTask-172",
"Th": "ForkJoinPool-1-worker-5",
"C": "gray",
"S": "Stop",
"T": "64087"
},
{
"N": "Request-172",
"Th": "http-bio-8080-exec-1",
"C": "gray",
"S": "Start",
"T": "63032"
},
{
"N": "Request-172",
"Th": "http-bio-8080-exec-1",
"C": "gray",
"S": "Stop",
"T": "64087"
},
{
"N": "Task-173-0",
"Th": "ForkJoinPool-1-worker-4",
"C": "green",
"S": "Start",
"T": "64079"
},
{
"N": "Task-173-0",
"Th": "ForkJoinPool-1-worker-4",
"C": "green",
"S": "Stop",
"T": "64327"
},
{
"N": "Task-173-1",
"Th": "ForkJoinPool-1-worker-2",
"C": "green",
"S": "Start",
"T": "64087"
},
{
"N": "Task-173-1",
"Th": "ForkJoinPool-1-worker-2",
"C": "green",
"S": "Stop",
"T": "64343"
},
{
"N": "Task-173-2",
"Th": "ForkJoinPool-1-worker-5",
"C": "green",
"S": "Start",
"T": "64088"
},
{
"N": "Task-173-2",
"Th": "ForkJoinPool-1-worker-5",
"C": "green",
"S": "Stop",
"T": "64335"
},
{
"N": "Task-173-3",
"Th": "ForkJoinPool-1-worker-6",
"C": "green",
"S": "Start",
"T": "64073"
},
{
"N": "Task-173-3",
"Th": "ForkJoinPool-1-worker-6",
"C": "green",
"S": "Stop",
"T": "64324"
},
{
"N": "MasterTask-173",
"Th": "ForkJoinPool-1-worker-6",
"C": "green",
"S": "Start",
"T": "64072"
},
{
"N": "MasterTask-173",
"Th": "ForkJoinPool-1-worker-6",
"C": "green",
"S": "Stop",
"T": "64344"
},
{
"N": "Request-173",
"Th": "http-bio-8080-exec-3",
"C": "green",
"S": "Start",
"T": "63301"
},
{
"N": "Request-173",
"Th": "http-bio-8080-exec-3",
"C": "green",
"S": "Stop",
"T": "64344"
},
{
"N": "Task-174-0",
"Th": "ForkJoinPool-1-worker-5",
"C": "lime",
"S": "Start",
"T": "64336"
},
{
"N": "Task-174-0",
"Th": "ForkJoinPool-1-worker-5",
"C": "lime",
"S": "Stop",
"T": "64605"
},
{
"N": "Task-174-1",
"Th": "ForkJoinPool-1-worker-2",
"C": "lime",
"S": "Start",
"T": "64343"
},
{
"N": "Task-174-1",
"Th": "ForkJoinPool-1-worker-2",
"C": "lime",
"S": "Stop",
"T": "64615"
},
{
"N": "Task-174-2",
"Th": "ForkJoinPool-1-worker-6",
"C": "lime",
"S": "Start",
"T": "64344"
},
{
"N": "Task-174-2",
"Th": "ForkJoinPool-1-worker-6",
"C": "lime",
"S": "Stop",
"T": "64610"
},
{
"N": "Task-174-3",
"Th": "ForkJoinPool-1-worker-4",
"C": "lime",
"S": "Start",
"T": "64328"
},
{
"N": "Task-174-3",
"Th": "ForkJoinPool-1-worker-4",
"C": "lime",
"S": "Stop",
"T": "64594"
},
{
"N": "MasterTask-174",
"Th": "ForkJoinPool-1-worker-4",
"C": "lime",
"S": "Start",
"T": "64328"
},
{
"N": "MasterTask-174",
"Th": "ForkJoinPool-1-worker-4",
"C": "lime",
"S": "Stop",
"T": "64616"
},
{
"N": "Request-174",
"Th": "http-bio-8080-exec-4",
"C": "lime",
"S": "Start",
"T": "63554"
},
{
"N": "Request-174",
"Th": "http-bio-8080-exec-4",
"C": "lime",
"S": "Stop",
"T": "64616"
},
{
"N": "Task-175-0",
"Th": "ForkJoinPool-1-worker-6",
"C": "maroon",
"S": "Start",
"T": "64610"
},
{
"N": "Task-175-0",
"Th": "ForkJoinPool-1-worker-6",
"C": "maroon",
"S": "Stop",
"T": "64854"
},
{
"N": "Task-175-1",
"Th": "ForkJoinPool-1-worker-2",
"C": "maroon",
"S": "Start",
"T": "64615"
},
{
"N": "Task-175-1",
"Th": "ForkJoinPool-1-worker-2",
"C": "maroon",
"S": "Stop",
"T": "64863"
},
{
"N": "Task-175-2",
"Th": "ForkJoinPool-1-worker-4",
"C": "maroon",
"S": "Start",
"T": "64616"
},
{
"N": "Task-175-2",
"Th": "ForkJoinPool-1-worker-4",
"C": "maroon",
"S": "Stop",
"T": "64862"
},
{
"N": "Task-175-3",
"Th": "ForkJoinPool-1-worker-5",
"C": "maroon",
"S": "Start",
"T": "64606"
},
{
"N": "Task-175-3",
"Th": "ForkJoinPool-1-worker-5",
"C": "maroon",
"S": "Stop",
"T": "64851"
},
{
"N": "MasterTask-175",
"Th": "ForkJoinPool-1-worker-5",
"C": "maroon",
"S": "Start",
"T": "64605"
},
{
"N": "MasterTask-175",
"Th": "ForkJoinPool-1-worker-5",
"C": "maroon",
"S": "Stop",
"T": "64864"
},
{
"N": "Request-175",
"Th": "http-bio-8080-exec-2",
"C": "maroon",
"S": "Start",
"T": "63826"
},
{
"N": "Request-175",
"Th": "http-bio-8080-exec-2",
"C": "maroon",
"S": "Stop",
"T": "64864"
},
{
"N": "Task-176-0",
"Th": "ForkJoinPool-1-worker-4",
"C": "olive",
"S": "Start",
"T": "64862"
},
{
"N": "Task-176-0",
"Th": "ForkJoinPool-1-worker-4",
"C": "olive",
"S": "Stop",
"T": "65104"
},
{
"N": "Task-176-1",
"Th": "ForkJoinPool-1-worker-2",
"C": "olive",
"S": "Start",
"T": "64864"
},
{
"N": "Task-176-1",
"Th": "ForkJoinPool-1-worker-2",
"C": "olive",
"S": "Stop",
"T": "65105"
},
{
"N": "Task-176-2",
"Th": "ForkJoinPool-1-worker-5",
"C": "olive",
"S": "Start",
"T": "64864"
},
{
"N": "Task-176-2",
"Th": "ForkJoinPool-1-worker-5",
"C": "olive",
"S": "Stop",
"T": "65107"
},
{
"N": "Task-176-3",
"Th": "ForkJoinPool-1-worker-6",
"C": "olive",
"S": "Start",
"T": "64855"
},
{
"N": "Task-176-3",
"Th": "ForkJoinPool-1-worker-6",
"C": "olive",
"S": "Stop",
"T": "65094"
},
{
"N": "MasterTask-176",
"Th": "ForkJoinPool-1-worker-6",
"C": "olive",
"S": "Start",
"T": "64854"
},
{
"N": "MasterTask-176",
"Th": "ForkJoinPool-1-worker-6",
"C": "olive",
"S": "Stop",
"T": "65108"
},
{
"N": "Request-176",
"Th": "http-bio-8080-exec-1",
"C": "olive",
"S": "Start",
"T": "64091"
},
{
"N": "Request-176",
"Th": "http-bio-8080-exec-1",
"C": "olive",
"S": "Stop",
"T": "65108"
},
{
"N": "Task-177-0",
"Th": "ForkJoinPool-1-worker-2",
"C": "purple",
"S": "Start",
"T": "65105"
},
{
"N": "Task-177-0",
"Th": "ForkJoinPool-1-worker-2",
"C": "purple",
"S": "Stop",
"T": "65364"
},
{
"N": "Task-177-1",
"Th": "ForkJoinPool-1-worker-5",
"C": "purple",
"S": "Start",
"T": "65108"
},
{
"N": "Task-177-1",
"Th": "ForkJoinPool-1-worker-5",
"C": "purple",
"S": "Stop",
"T": "65358"
},
{
"N": "Task-177-2",
"Th": "ForkJoinPool-1-worker-6",
"C": "purple",
"S": "Start",
"T": "65108"
},
{
"N": "Task-177-2",
"Th": "ForkJoinPool-1-worker-6",
"C": "purple",
"S": "Stop",
"T": "65360"
},
{
"N": "Task-177-3",
"Th": "ForkJoinPool-1-worker-4",
"C": "purple",
"S": "Start",
"T": "65105"
},
{
"N": "Task-177-3",
"Th": "ForkJoinPool-1-worker-4",
"C": "purple",
"S": "Stop",
"T": "65355"
},
{
"N": "MasterTask-177",
"Th": "ForkJoinPool-1-worker-4",
"C": "purple",
"S": "Start",
"T": "65104"
},
{
"N": "MasterTask-177",
"Th": "ForkJoinPool-1-worker-4",
"C": "purple",
"S": "Stop",
"T": "65365"
},
{
"N": "Request-177",
"Th": "http-bio-8080-exec-3",
"C": "purple",
"S": "Start",
"T": "64347"
},
{
"N": "Request-177",
"Th": "http-bio-8080-exec-3",
"C": "purple",
"S": "Stop",
"T": "65365"
},
{
"N": "Task-178-0",
"Th": "ForkJoinPool-1-worker-6",
"C": "red",
"S": "Start",
"T": "65361"
},
{
"N": "Task-178-0",
"Th": "ForkJoinPool-1-worker-6",
"C": "red",
"S": "Stop",
"T": "65605"
},
{
"N": "Task-178-1",
"Th": "ForkJoinPool-1-worker-2",
"C": "red",
"S": "Start",
"T": "65365"
},
{
"N": "Task-178-1",
"Th": "ForkJoinPool-1-worker-2",
"C": "red",
"S": "Stop",
"T": "65616"
},
{
"N": "Task-178-2",
"Th": "ForkJoinPool-1-worker-4",
"C": "red",
"S": "Start",
"T": "65365"
},
{
"N": "Task-178-2",
"Th": "ForkJoinPool-1-worker-4",
"C": "red",
"S": "Stop",
"T": "65613"
},
{
"N": "Task-178-3",
"Th": "ForkJoinPool-1-worker-5",
"C": "red",
"S": "Start",
"T": "65359"
},
{
"N": "Task-178-3",
"Th": "ForkJoinPool-1-worker-5",
"C": "red",
"S": "Stop",
"T": "65618"
},
{
"N": "MasterTask-178",
"Th": "ForkJoinPool-1-worker-5",
"C": "red",
"S": "Start",
"T": "65358"
},
{
"N": "MasterTask-178",
"Th": "ForkJoinPool-1-worker-5",
"C": "red",
"S": "Stop",
"T": "65619"
},
{
"N": "Request-178",
"Th": "http-bio-8080-exec-4",
"C": "red",
"S": "Start",
"T": "64619"
},
{
"N": "Request-178",
"Th": "http-bio-8080-exec-4",
"C": "red",
"S": "Stop",
"T": "65619"
},
{
"N": "Task-179-0",
"Th": "ForkJoinPool-1-worker-4",
"C": "silver",
"S": "Start",
"T": "65614"
},
{
"N": "Task-179-0",
"Th": "ForkJoinPool-1-worker-4",
"C": "silver",
"S": "Stop",
"T": "65892"
},
{
"N": "Task-179-1",
"Th": "ForkJoinPool-1-worker-2",
"C": "silver",
"S": "Start",
"T": "65617"
},
{
"N": "Task-179-1",
"Th": "ForkJoinPool-1-worker-2",
"C": "silver",
"S": "Stop",
"T": "65896"
},
{
"N": "Task-179-2",
"Th": "ForkJoinPool-1-worker-5",
"C": "silver",
"S": "Start",
"T": "65619"
},
{
"N": "Task-179-2",
"Th": "ForkJoinPool-1-worker-5",
"C": "silver",
"S": "Stop",
"T": "65893"
},
{
"N": "Task-179-3",
"Th": "ForkJoinPool-1-worker-6",
"C": "silver",
"S": "Start",
"T": "65606"
},
{
"N": "Task-179-3",
"Th": "ForkJoinPool-1-worker-6",
"C": "silver",
"S": "Stop",
"T": "65874"
},
{
"N": "MasterTask-179",
"Th": "ForkJoinPool-1-worker-6",
"C": "silver",
"S": "Start",
"T": "65605"
},
{
"N": "MasterTask-179",
"Th": "ForkJoinPool-1-worker-6",
"C": "silver",
"S": "Stop",
"T": "65897"
},
{
"N": "Request-179",
"Th": "http-bio-8080-exec-2",
"C": "silver",
"S": "Start",
"T": "64867"
},
{
"N": "Request-179",
"Th": "http-bio-8080-exec-2",
"C": "silver",
"S": "Stop",
"T": "65897"
},
{
"N": "Task-180-0",
"Th": "ForkJoinPool-1-worker-5",
"C": "teal",
"S": "Start",
"T": "65894"
},
{
"N": "Task-180-0",
"Th": "ForkJoinPool-1-worker-5",
"C": "teal",
"S": "Stop",
"T": "66172"
},
{
"N": "Task-180-1",
"Th": "ForkJoinPool-1-worker-2",
"C": "teal",
"S": "Start",
"T": "65897"
},
{
"N": "Task-180-1",
"Th": "ForkJoinPool-1-worker-2",
"C": "teal",
"S": "Stop",
"T": "66174"
},
{
"N": "Task-180-2",
"Th": "ForkJoinPool-1-worker-6",
"C": "teal",
"S": "Start",
"T": "65897"
},
{
"N": "Task-180-2",
"Th": "ForkJoinPool-1-worker-6",
"C": "teal",
"S": "Stop",
"T": "66164"
},
{
"N": "Task-180-3",
"Th": "ForkJoinPool-1-worker-4",
"C": "teal",
"S": "Start",
"T": "65893"
},
{
"N": "Task-180-3",
"Th": "ForkJoinPool-1-worker-4",
"C": "teal",
"S": "Stop",
"T": "66170"
},
{
"N": "MasterTask-180",
"Th": "ForkJoinPool-1-worker-4",
"C": "teal",
"S": "Start",
"T": "65892"
},
{
"N": "MasterTask-180",
"Th": "ForkJoinPool-1-worker-4",
"C": "teal",
"S": "Stop",
"T": "66175"
},
{
"N": "Request-180",
"Th": "http-bio-8080-exec-1",
"C": "teal",
"S": "Start",
"T": "65116"
},
{
"N": "Request-180",
"Th": "http-bio-8080-exec-1",
"C": "teal",
"S": "Stop",
"T": "66175"
},
{
"N": "Task-181-0",
"Th": "ForkJoinPool-1-worker-5",
"C": "yellow",
"S": "Start",
"T": "66173"
},
{
"N": "Task-181-0",
"Th": "ForkJoinPool-1-worker-5",
"C": "yellow",
"S": "Stop",
"T": "66428"
},
{
"N": "Task-181-1",
"Th": "ForkJoinPool-1-worker-2",
"C": "yellow",
"S": "Start",
"T": "66175"
},
{
"N": "Task-181-1",
"Th": "ForkJoinPool-1-worker-2",
"C": "yellow",
"S": "Stop",
"T": "66440"
},
{
"N": "Task-181-2",
"Th": "ForkJoinPool-1-worker-4",
"C": "yellow",
"S": "Start",
"T": "66175"
},
{
"N": "Task-181-2",
"Th": "ForkJoinPool-1-worker-4",
"C": "yellow",
"S": "Stop",
"T": "66426"
},
{
"N": "Task-181-3",
"Th": "ForkJoinPool-1-worker-6",
"C": "yellow",
"S": "Start",
"T": "66165"
},
{
"N": "Task-181-3",
"Th": "ForkJoinPool-1-worker-6",
"C": "yellow",
"S": "Stop",
"T": "66419"
},
{
"N": "MasterTask-181",
"Th": "ForkJoinPool-1-worker-6",
"C": "yellow",
"S": "Start",
"T": "66164"
},
{
"N": "MasterTask-181",
"Th": "ForkJoinPool-1-worker-6",
"C": "yellow",
"S": "Stop",
"T": "66441"
},
{
"N": "Request-181",
"Th": "http-bio-8080-exec-3",
"C": "yellow",
"S": "Start",
"T": "65369"
},
{
"N": "Request-181",
"Th": "http-bio-8080-exec-3",
"C": "yellow",
"S": "Stop",
"T": "66441"
},
{
"N": "Task-182-0",
"Th": "ForkJoinPool-1-worker-5",
"C": "aqua",
"S": "Start",
"T": "66429"
},
{
"N": "Task-182-0",
"Th": "ForkJoinPool-1-worker-5",
"C": "aqua",
"S": "Stop",
"T": "66697"
},
{
"N": "Task-182-1",
"Th": "ForkJoinPool-1-worker-2",
"C": "aqua",
"S": "Start",
"T": "66441"
},
{
"N": "Task-182-1",
"Th": "ForkJoinPool-1-worker-2",
"C": "aqua",
"S": "Stop",
"T": "66719"
},
{
"N": "Task-182-2",
"Th": "ForkJoinPool-1-worker-6",
"C": "aqua",
"S": "Start",
"T": "66442"
},
{
"N": "Task-182-2",
"Th": "ForkJoinPool-1-worker-6",
"C": "aqua",
"S": "Stop",
"T": "66709"
},
{
"N": "Task-182-3",
"Th": "ForkJoinPool-1-worker-4",
"C": "aqua",
"S": "Start",
"T": "66427"
},
{
"N": "Task-182-3",
"Th": "ForkJoinPool-1-worker-4",
"C": "aqua",
"S": "Stop",
"T": "66695"
},
{
"N": "MasterTask-182",
"Th": "ForkJoinPool-1-worker-4",
"C": "aqua",
"S": "Start",
"T": "66426"
},
{
"N": "MasterTask-182",
"Th": "ForkJoinPool-1-worker-4",
"C": "aqua",
"S": "Stop",
"T": "66720"
},
{
"N": "Request-182",
"Th": "http-bio-8080-exec-4",
"C": "aqua",
"S": "Start",
"T": "65622"
},
{
"N": "Request-182",
"Th": "http-bio-8080-exec-4",
"C": "aqua",
"S": "Stop",
"T": "66720"
},
{
"N": "Task-183-0",
"Th": "ForkJoinPool-1-worker-6",
"C": "blue",
"S": "Start",
"T": "66709"
},
{
"N": "Task-183-0",
"Th": "ForkJoinPool-1-worker-6",
"C": "blue",
"S": "Stop",
"T": "66970"
},
{
"N": "Task-183-1",
"Th": "ForkJoinPool-1-worker-2",
"C": "blue",
"S": "Start",
"T": "66720"
},
{
"N": "Task-183-1",
"Th": "ForkJoinPool-1-worker-2",
"C": "blue",
"S": "Stop",
"T": "66988"
},
{
"N": "Task-183-2",
"Th": "ForkJoinPool-1-worker-4",
"C": "blue",
"S": "Start",
"T": "66720"
},
{
"N": "Task-183-2",
"Th": "ForkJoinPool-1-worker-4",
"C": "blue",
"S": "Stop",
"T": "66985"
},
{
"N": "Task-183-3",
"Th": "ForkJoinPool-1-worker-5",
"C": "blue",
"S": "Start",
"T": "66702"
},
{
"N": "Task-183-3",
"Th": "ForkJoinPool-1-worker-5",
"C": "blue",
"S": "Stop",
"T": "66973"
},
{
"N": "MasterTask-183",
"Th": "ForkJoinPool-1-worker-5",
"C": "blue",
"S": "Start",
"T": "66701"
},
{
"N": "MasterTask-183",
"Th": "ForkJoinPool-1-worker-5",
"C": "blue",
"S": "Stop",
"T": "66989"
},
{
"N": "Request-183",
"Th": "http-bio-8080-exec-2",
"C": "blue",
"S": "Start",
"T": "65901"
},
{
"N": "Request-183",
"Th": "http-bio-8080-exec-2",
"C": "blue",
"S": "Stop",
"T": "66989"
},
{
"N": "Task-184-0",
"Th": "ForkJoinPool-1-worker-4",
"C": "fuchsia",
"S": "Start",
"T": "66985"
},
{
"N": "Task-184-0",
"Th": "ForkJoinPool-1-worker-4",
"C": "fuchsia",
"S": "Stop",
"T": "67255"
},
{
"N": "Task-184-1",
"Th": "ForkJoinPool-1-worker-2",
"C": "fuchsia",
"S": "Start",
"T": "66989"
},
{
"N": "Task-184-1",
"Th": "ForkJoinPool-1-worker-2",
"C": "fuchsia",
"S": "Stop",
"T": "67262"
},
{
"N": "Task-184-2",
"Th": "ForkJoinPool-1-worker-5",
"C": "fuchsia",
"S": "Start",
"T": "66989"
},
{
"N": "Task-184-2",
"Th": "ForkJoinPool-1-worker-5",
"C": "fuchsia",
"S": "Stop",
"T": "67262"
},
{
"N": "Task-184-3",
"Th": "ForkJoinPool-1-worker-6",
"C": "fuchsia",
"S": "Start",
"T": "66972"
},
{
"N": "Task-184-3",
"Th": "ForkJoinPool-1-worker-6",
"C": "fuchsia",
"S": "Stop",
"T": "67248"
},
{
"N": "MasterTask-184",
"Th": "ForkJoinPool-1-worker-6",
"C": "fuchsia",
"S": "Start",
"T": "66971"
},
{
"N": "MasterTask-184",
"Th": "ForkJoinPool-1-worker-6",
"C": "fuchsia",
"S": "Stop",
"T": "67263"
},
{
"N": "Request-184",
"Th": "http-bio-8080-exec-1",
"C": "fuchsia",
"S": "Start",
"T": "66181"
},
{
"N": "Request-184",
"Th": "http-bio-8080-exec-1",
"C": "fuchsia",
"S": "Stop",
"T": "67263"
},
{
"N": "Task-185-0",
"Th": "ForkJoinPool-1-worker-5",
"C": "gray",
"S": "Start",
"T": "67262"
},
{
"N": "Task-185-0",
"Th": "ForkJoinPool-1-worker-5",
"C": "gray",
"S": "Stop",
"T": "67521"
},
{
"N": "Task-185-1",
"Th": "ForkJoinPool-1-worker-2",
"C": "gray",
"S": "Start",
"T": "67262"
},
{
"N": "Task-185-1",
"Th": "ForkJoinPool-1-worker-2",
"C": "gray",
"S": "Stop",
"T": "67524"
},
{
"N": "Task-185-2",
"Th": "ForkJoinPool-1-worker-6",
"C": "gray",
"S": "Start",
"T": "67263"
},
{
"N": "Task-185-2",
"Th": "ForkJoinPool-1-worker-6",
"C": "gray",
"S": "Stop",
"T": "67519"
},
{
"N": "Task-185-3",
"Th": "ForkJoinPool-1-worker-4",
"C": "gray",
"S": "Start",
"T": "67256"
},
{
"N": "Task-185-3",
"Th": "ForkJoinPool-1-worker-4",
"C": "gray",
"S": "Stop",
"T": "67508"
},
{
"N": "MasterTask-185",
"Th": "ForkJoinPool-1-worker-4",
"C": "gray",
"S": "Start",
"T": "67255"
},
{
"N": "MasterTask-185",
"Th": "ForkJoinPool-1-worker-4",
"C": "gray",
"S": "Stop",
"T": "67524"
},
{
"N": "Request-185",
"Th": "http-bio-8080-exec-3",
"C": "gray",
"S": "Start",
"T": "66445"
},
{
"N": "Request-185",
"Th": "http-bio-8080-exec-3",
"C": "gray",
"S": "Stop",
"T": "67525"
},
{
"N": "Task-186-0",
"Th": "ForkJoinPool-1-worker-5",
"C": "green",
"S": "Start",
"T": "67521"
},
{
"N": "Task-186-0",
"Th": "ForkJoinPool-1-worker-5",
"C": "green",
"S": "Stop",
"T": "67800"
},
{
"N": "Task-186-1",
"Th": "ForkJoinPool-1-worker-2",
"C": "green",
"S": "Start",
"T": "67524"
},
{
"N": "Task-186-1",
"Th": "ForkJoinPool-1-worker-2",
"C": "green",
"S": "Stop",
"T": "67800"
},
{
"N": "Task-186-2",
"Th": "ForkJoinPool-1-worker-4",
"C": "green",
"S": "Start",
"T": "67525"
},
{
"N": "Task-186-2",
"Th": "ForkJoinPool-1-worker-4",
"C": "green",
"S": "Stop",
"T": "67793"
},
{
"N": "Task-186-3",
"Th": "ForkJoinPool-1-worker-6",
"C": "green",
"S": "Start",
"T": "67520"
},
{
"N": "Task-186-3",
"Th": "ForkJoinPool-1-worker-6",
"C": "green",
"S": "Stop",
"T": "67794"
},
{
"N": "MasterTask-186",
"Th": "ForkJoinPool-1-worker-6",
"C": "green",
"S": "Start",
"T": "67519"
},
{
"N": "MasterTask-186",
"Th": "ForkJoinPool-1-worker-6",
"C": "green",
"S": "Stop",
"T": "67801"
},
{
"N": "Request-186",
"Th": "http-bio-8080-exec-4",
"C": "green",
"S": "Start",
"T": "66725"
},
{
"N": "Request-186",
"Th": "http-bio-8080-exec-4",
"C": "green",
"S": "Stop",
"T": "67801"
},
{
"N": "Task-187-0",
"Th": "ForkJoinPool-1-worker-2",
"C": "lime",
"S": "Start",
"T": "67800"
},
{
"N": "Task-187-0",
"Th": "ForkJoinPool-1-worker-2",
"C": "lime",
"S": "Stop",
"T": "68069"
},
{
"N": "Task-187-1",
"Th": "ForkJoinPool-1-worker-5",
"C": "lime",
"S": "Start",
"T": "67800"
},
{
"N": "Task-187-1",
"Th": "ForkJoinPool-1-worker-5",
"C": "lime",
"S": "Stop",
"T": "68065"
},
{
"N": "Task-187-2",
"Th": "ForkJoinPool-1-worker-6",
"C": "lime",
"S": "Start",
"T": "67801"
},
{
"N": "Task-187-2",
"Th": "ForkJoinPool-1-worker-6",
"C": "lime",
"S": "Stop",
"T": "68075"
},
{
"N": "Task-187-3",
"Th": "ForkJoinPool-1-worker-4",
"C": "lime",
"S": "Start",
"T": "67794"
},
{
"N": "Task-187-3",
"Th": "ForkJoinPool-1-worker-4",
"C": "lime",
"S": "Stop",
"T": "68054"
},
{
"N": "MasterTask-187",
"Th": "ForkJoinPool-1-worker-4",
"C": "lime",
"S": "Start",
"T": "67793"
},
{
"N": "MasterTask-187",
"Th": "ForkJoinPool-1-worker-4",
"C": "lime",
"S": "Stop",
"T": "68076"
},
{
"N": "Request-187",
"Th": "http-bio-8080-exec-2",
"C": "lime",
"S": "Start",
"T": "66993"
},
{
"N": "Request-187",
"Th": "http-bio-8080-exec-2",
"C": "lime",
"S": "Stop",
"T": "68076"
},
{
"N": "Task-188-0",
"Th": "ForkJoinPool-1-worker-2",
"C": "maroon",
"S": "Start",
"T": "68069"
},
{
"N": "Task-188-0",
"Th": "ForkJoinPool-1-worker-2",
"C": "maroon",
"S": "Stop",
"T": "68330"
},
{
"N": "Task-188-1",
"Th": "ForkJoinPool-1-worker-4",
"C": "maroon",
"S": "Start",
"T": "68076"
},
{
"N": "Task-188-1",
"Th": "ForkJoinPool-1-worker-4",
"C": "maroon",
"S": "Stop",
"T": "68329"
},
{
"N": "Task-188-2",
"Th": "ForkJoinPool-1-worker-6",
"C": "maroon",
"S": "Start",
"T": "68082"
},
{
"N": "Task-188-2",
"Th": "ForkJoinPool-1-worker-6",
"C": "maroon",
"S": "Stop",
"T": "68338"
},
{
"N": "Task-188-3",
"Th": "ForkJoinPool-1-worker-5",
"C": "maroon",
"S": "Start",
"T": "68066"
},
{
"N": "Task-188-3",
"Th": "ForkJoinPool-1-worker-5",
"C": "maroon",
"S": "Stop",
"T": "68331"
},
{
"N": "MasterTask-188",
"Th": "ForkJoinPool-1-worker-5",
"C": "maroon",
"S": "Start",
"T": "68065"
},
{
"N": "MasterTask-188",
"Th": "ForkJoinPool-1-worker-5",
"C": "maroon",
"S": "Stop",
"T": "68339"
},
{
"N": "Request-188",
"Th": "http-bio-8080-exec-1",
"C": "maroon",
"S": "Start",
"T": "67267"
},
{
"N": "Request-188",
"Th": "http-bio-8080-exec-1",
"C": "maroon",
"S": "Stop",
"T": "68339"
},
{
"N": "Task-189-0",
"Th": "ForkJoinPool-1-worker-6",
"C": "olive",
"S": "Start",
"T": "68338"
},
{
"N": "Task-189-0",
"Th": "ForkJoinPool-1-worker-6",
"C": "olive",
"S": "Stop",
"T": "68584"
},
{
"N": "Task-189-1",
"Th": "ForkJoinPool-1-worker-5",
"C": "olive",
"S": "Start",
"T": "68339"
},
{
"N": "Task-189-1",
"Th": "ForkJoinPool-1-worker-5",
"C": "olive",
"S": "Stop",
"T": "68591"
},
{
"N": "Task-189-2",
"Th": "ForkJoinPool-1-worker-6",
"C": "olive",
"S": "Start",
"T": "68584"
},
{
"N": "Task-189-2",
"Th": "ForkJoinPool-1-worker-6",
"C": "olive",
"S": "Stop",
"T": "68800"
},
{
"N": "Task-189-3",
"Th": "ForkJoinPool-1-worker-4",
"C": "olive",
"S": "Start",
"T": "68331"
},
{
"N": "Task-189-3",
"Th": "ForkJoinPool-1-worker-4",
"C": "olive",
"S": "Stop",
"T": "68582"
},
{
"N": "MasterTask-189",
"Th": "ForkJoinPool-1-worker-4",
"C": "olive",
"S": "Start",
"T": "68330"
},
{
"N": "MasterTask-189",
"Th": "ForkJoinPool-1-worker-4",
"C": "olive",
"S": "Stop",
"T": "68801"
},
{
"N": "Request-189",
"Th": "http-bio-8080-exec-3",
"C": "olive",
"S": "Start",
"T": "67528"
},
{
"N": "Request-189",
"Th": "http-bio-8080-exec-3",
"C": "olive",
"S": "Stop",
"T": "68801"
},
{
"N": "Task-190-0",
"Th": "ForkJoinPool-1-worker-5",
"C": "purple",
"S": "Start",
"T": "68591"
},
{
"N": "Task-190-0",
"Th": "ForkJoinPool-1-worker-5",
"C": "purple",
"S": "Stop",
"T": "68810"
},
{
"N": "Task-190-1",
"Th": "ForkJoinPool-1-worker-6",
"C": "purple",
"S": "Start",
"T": "68801"
},
{
"N": "Task-190-1",
"Th": "ForkJoinPool-1-worker-6",
"C": "purple",
"S": "Stop",
"T": "69021"
},
{
"N": "Task-190-2",
"Th": "ForkJoinPool-1-worker-4",
"C": "purple",
"S": "Start",
"T": "68802"
},
{
"N": "Task-190-2",
"Th": "ForkJoinPool-1-worker-4",
"C": "purple",
"S": "Stop",
"T": "69021"
},
{
"N": "Task-190-3",
"Th": "ForkJoinPool-1-worker-2",
"C": "purple",
"S": "Start",
"T": "68332"
},
{
"N": "Task-190-3",
"Th": "ForkJoinPool-1-worker-2",
"C": "purple",
"S": "Stop",
"T": "68585"
},
{
"N": "MasterTask-190",
"Th": "ForkJoinPool-1-worker-2",
"C": "purple",
"S": "Start",
"T": "68330"
},
{
"N": "MasterTask-190",
"Th": "ForkJoinPool-1-worker-2",
"C": "purple",
"S": "Stop",
"T": "69021"
},
{
"N": "Request-190",
"Th": "http-bio-8080-exec-4",
"C": "purple",
"S": "Start",
"T": "67806"
},
{
"N": "Request-190",
"Th": "http-bio-8080-exec-4",
"C": "purple",
"S": "Stop",
"T": "69022"
},
{
"N": "Task-191-0",
"Th": "ForkJoinPool-1-worker-4",
"C": "red",
"S": "Start",
"T": "69021"
},
{
"N": "Task-191-0",
"Th": "ForkJoinPool-1-worker-4",
"C": "red",
"S": "Stop",
"T": "69280"
},
{
"N": "Task-191-1",
"Th": "ForkJoinPool-1-worker-6",
"C": "red",
"S": "Start",
"T": "69021"
},
{
"N": "Task-191-1",
"Th": "ForkJoinPool-1-worker-6",
"C": "red",
"S": "Stop",
"T": "69287"
},
{
"N": "Task-191-2",
"Th": "ForkJoinPool-1-worker-2",
"C": "red",
"S": "Start",
"T": "69023"
},
{
"N": "Task-191-2",
"Th": "ForkJoinPool-1-worker-2",
"C": "red",
"S": "Stop",
"T": "69289"
},
{
"N": "Task-191-3",
"Th": "ForkJoinPool-1-worker-5",
"C": "red",
"S": "Start",
"T": "68813"
},
{
"N": "Task-191-3",
"Th": "ForkJoinPool-1-worker-5",
"C": "red",
"S": "Stop",
"T": "69051"
},
{
"N": "MasterTask-191",
"Th": "ForkJoinPool-1-worker-5",
"C": "red",
"S": "Start",
"T": "68810"
},
{
"N": "MasterTask-191",
"Th": "ForkJoinPool-1-worker-5",
"C": "red",
"S": "Stop",
"T": "69290"
},
{
"N": "Request-191",
"Th": "http-bio-8080-exec-2",
"C": "red",
"S": "Start",
"T": "68079"
},
{
"N": "Request-191",
"Th": "http-bio-8080-exec-2",
"C": "red",
"S": "Stop",
"T": "69291"
},
