{
"N": "Task-44-0",
"Th": "ForkJoinPool-1-worker-1",
"C": "lime",
"S": "Start",
"T": "44040"
},
{
"N": "Task-44-0",
"Th": "ForkJoinPool-1-worker-1",
"C": "lime",
"S": "Stop",
"T": "44270"
},
{
"N": "Task-44-1",
"Th": "ForkJoinPool-1-worker-5",
"C": "lime",
"S": "Start",
"T": "44045"
},
{
"N": "Task-44-1",
"Th": "ForkJoinPool-1-worker-5",
"C": "lime",
"S": "Stop",
"T": "44288"
},
{
"N": "Task-44-2",
"Th": "ForkJoinPool-1-worker-1",
"C": "lime",
"S": "Start",
"T": "44270"
},
{
"N": "Task-44-2",
"Th": "ForkJoinPool-1-worker-1",
"C": "lime",
"S": "Stop",
"T": "44490"
},
{
"N": "Task-44-3",
"Th": "ForkJoinPool-1-worker-4",
"C": "lime",
"S": "Start",
"T": "44276"
},
{
"N": "Task-44-3",
"Th": "ForkJoinPool-1-worker-4",
"C": "lime",
"S": "Stop",
"T": "44502"
},
{
"N": "Request-44",
"Th": "http-bio-8080-exec-4",
"C": "lime",
"S": "Start",
"T": "44039"
},
{
"N": "Request-44",
"Th": "http-bio-8080-exec-4",
"C": "lime",
"S": "Stop",
"T": "44503"
},
{
"N": "Task-45-0",
"Th": "ForkJoinPool-1-worker-4",
"C": "maroon",
"S": "Start",
"T": "44040"
},
{
"N": "Task-45-0",
"Th": "ForkJoinPool-1-worker-4",
"C": "maroon",
"S": "Stop",
"T": "44276"
},
{
"N": "Task-45-1",
"Th": "ForkJoinPool-1-worker-6",
"C": "maroon",
"S": "Start",
"T": "44040"
},
{
"N": "Task-45-1",
"Th": "ForkJoinPool-1-worker-6",
"C": "maroon",
"S": "Stop",
"T": "44280"
},
{
"N": "Task-45-2",
"Th": "ForkJoinPool-1-worker-6",
"C": "maroon",
"S": "Start",
"T": "44280"
},
{
"N": "Task-45-2",
"Th": "ForkJoinPool-1-worker-6",
"C": "maroon",
"S": "Stop",
"T": "44505"
},
{
"N": "Task-45-3",
"Th": "ForkJoinPool-1-worker-5",
"C": "maroon",
"S": "Start",
"T": "44289"
},
{
"N": "Task-45-3",
"Th": "ForkJoinPool-1-worker-5",
"C": "maroon",
"S": "Stop",
"T": "44517"
},
{
"N": "Request-45",
"Th": "http-bio-8080-exec-1",
"C": "maroon",
"S": "Start",
"T": "44039"
},
{
"N": "Request-45",
"Th": "http-bio-8080-exec-1",
"C": "maroon",
"S": "Stop",
"T": "44517"
},
{
"N": "Task-46-0",
"Th": "ForkJoinPool-1-worker-1",
"C": "olive",
"S": "Start",
"T": "44491"
},
{
"N": "Task-46-0",
"Th": "ForkJoinPool-1-worker-1",
"C": "olive",
"S": "Stop",
"T": "44737"
},
{
"N": "Task-46-1",
"Th": "ForkJoinPool-1-worker-4",
"C": "olive",
"S": "Start",
"T": "44502"
},
{
"N": "Task-46-1",
"Th": "ForkJoinPool-1-worker-4",
"C": "olive",
"S": "Stop",
"T": "44753"
},
{
"N": "Task-46-2",
"Th": "ForkJoinPool-1-worker-6",
"C": "olive",
"S": "Start",
"T": "44506"
},
{
"N": "Task-46-2",
"Th": "ForkJoinPool-1-worker-6",
"C": "olive",
"S": "Stop",
"T": "44748"
},
{
"N": "Task-46-3",
"Th": "ForkJoinPool-1-worker-5",
"C": "olive",
"S": "Start",
"T": "44521"
},
{
"N": "Task-46-3",
"Th": "ForkJoinPool-1-worker-5",
"C": "olive",
"S": "Stop",
"T": "44774"
},
{
"N": "Request-46",
"Th": "http-bio-8080-exec-2",
"C": "olive",
"S": "Start",
"T": "44065"
},
{
"N": "Request-46",
"Th": "http-bio-8080-exec-2",
"C": "olive",
"S": "Stop",
"T": "44774"
},
{
"N": "Task-47-0",
"Th": "ForkJoinPool-1-worker-1",
"C": "purple",
"S": "Start",
"T": "44737"
},
{
"N": "Task-47-0",
"Th": "ForkJoinPool-1-worker-1",
"C": "purple",
"S": "Stop",
"T": "44971"
},
{
"N": "Task-47-1",
"Th": "ForkJoinPool-1-worker-6",
"C": "purple",
"S": "Start",
"T": "44748"
},
{
"N": "Task-47-1",
"Th": "ForkJoinPool-1-worker-6",
"C": "purple",
"S": "Stop",
"T": "44987"
},
{
"N": "Task-47-2",
"Th": "ForkJoinPool-1-worker-4",
"C": "purple",
"S": "Start",
"T": "44753"
},
{
"N": "Task-47-2",
"Th": "ForkJoinPool-1-worker-4",
"C": "purple",
"S": "Stop",
"T": "44998"
},
{
"N": "Task-47-3",
"Th": "ForkJoinPool-1-worker-5",
"C": "purple",
"S": "Start",
"T": "44782"
},
{
"N": "Task-47-3",
"Th": "ForkJoinPool-1-worker-5",
"C": "purple",
"S": "Stop",
"T": "45008"
},
{
"N": "Request-47",
"Th": "http-bio-8080-exec-1",
"C": "purple",
"S": "Start",
"T": "44596"
},
{
"N": "Request-47",
"Th": "http-bio-8080-exec-1",
"C": "purple",
"S": "Stop",
"T": "45008"
},
{
"N": "Task-48-0",
"Th": "ForkJoinPool-1-worker-1",
"C": "red",
"S": "Start",
"T": "44972"
},
{
"N": "Task-48-0",
"Th": "ForkJoinPool-1-worker-1",
"C": "red",
"S": "Stop",
"T": "45197"
},
{
"N": "Task-48-1",
"Th": "ForkJoinPool-1-worker-6",
"C": "red",
"S": "Start",
"T": "44987"
},
{
"N": "Task-48-1",
"Th": "ForkJoinPool-1-worker-6",
"C": "red",
"S": "Stop",
"T": "45220"
},
{
"N": "Task-48-2",
"Th": "ForkJoinPool-1-worker-4",
"C": "red",
"S": "Start",
"T": "44998"
},
{
"N": "Task-48-2",
"Th": "ForkJoinPool-1-worker-4",
"C": "red",
"S": "Stop",
"T": "45226"
},
{
"N": "Task-48-3",
"Th": "ForkJoinPool-1-worker-5",
"C": "red",
"S": "Start",
"T": "45015"
},
{
"N": "Task-48-3",
"Th": "ForkJoinPool-1-worker-5",
"C": "red",
"S": "Stop",
"T": "45238"
},
{
"N": "Request-48",
"Th": "http-bio-8080-exec-4",
"C": "red",
"S": "Start",
"T": "44601"
},
{
"N": "Request-48",
"Th": "http-bio-8080-exec-4",
"C": "red",
"S": "Stop",
"T": "45238"
},
{
"N": "Task-49-0",
"Th": "ForkJoinPool-1-worker-1",
"C": "silver",
"S": "Start",
"T": "45198"
},
{
"N": "Task-49-0",
"Th": "ForkJoinPool-1-worker-1",
"C": "silver",
"S": "Stop",
"T": "45421"
},
{
"N": "Task-49-1",
"Th": "ForkJoinPool-1-worker-6",
"C": "silver",
"S": "Start",
"T": "45221"
},
{
"N": "Task-49-1",
"Th": "ForkJoinPool-1-worker-6",
"C": "silver",
"S": "Stop",
"T": "45449"
},
{
"N": "Task-49-2",
"Th": "ForkJoinPool-1-worker-4",
"C": "silver",
"S": "Start",
"T": "45227"
},
{
"N": "Task-49-2",
"Th": "ForkJoinPool-1-worker-4",
"C": "silver",
"S": "Stop",
"T": "45450"
},
{
"N": "Task-49-3",
"Th": "ForkJoinPool-1-worker-5",
"C": "silver",
"S": "Start",
"T": "45245"
},
{
"N": "Task-49-3",
"Th": "ForkJoinPool-1-worker-5",
"C": "silver",
"S": "Stop",
"T": "45473"
},
{
"N": "Request-49",
"Th": "http-bio-8080-exec-2",
"C": "silver",
"S": "Start",
"T": "44783"
},
{
"N": "Request-49",
"Th": "http-bio-8080-exec-2",
"C": "silver",
"S": "Stop",
"T": "45473"
},
{
"N": "Task-50-0",
"Th": "ForkJoinPool-1-worker-1",
"C": "teal",
"S": "Start",
"T": "45421"
},
{
"N": "Task-50-0",
"Th": "ForkJoinPool-1-worker-1",
"C": "teal",
"S": "Stop",
"T": "45643"
},
{
"N": "Task-50-1",
"Th": "ForkJoinPool-1-worker-6",
"C": "teal",
"S": "Start",
"T": "45449"
},
{
"N": "Task-50-1",
"Th": "ForkJoinPool-1-worker-6",
"C": "teal",
"S": "Stop",
"T": "45681"
},
{
"N": "Task-50-2",
"Th": "ForkJoinPool-1-worker-4",
"C": "teal",
"S": "Start",
"T": "45450"
},
{
"N": "Task-50-2",
"Th": "ForkJoinPool-1-worker-4",
"C": "teal",
"S": "Stop",
"T": "45682"
},
{
"N": "Task-50-3",
"Th": "ForkJoinPool-1-worker-5",
"C": "teal",
"S": "Start",
"T": "45473"
},
{
"N": "Task-50-3",
"Th": "ForkJoinPool-1-worker-5",
"C": "teal",
"S": "Stop",
"T": "45699"
},
{
"N": "Request-50",
"Th": "http-bio-8080-exec-1",
"C": "teal",
"S": "Start",
"T": "45014"
},
{
"N": "Request-50",
"Th": "http-bio-8080-exec-1",
"C": "teal",
"S": "Stop",
"T": "45700"
},
{
"N": "Task-51-0",
"Th": "ForkJoinPool-1-worker-1",
"C": "yellow",
"S": "Start",
"T": "45643"
},
{
"N": "Task-51-0",
"Th": "ForkJoinPool-1-worker-1",
"C": "yellow",
"S": "Stop",
"T": "45876"
},
{
"N": "Task-51-1",
"Th": "ForkJoinPool-1-worker-6",
"C": "yellow",
"S": "Start",
"T": "45681"
},
{
"N": "Task-51-1",
"Th": "ForkJoinPool-1-worker-6",
"C": "yellow",
"S": "Stop",
"T": "45913"
},
{
"N": "Task-51-2",
"Th": "ForkJoinPool-1-worker-4",
"C": "yellow",
"S": "Start",
"T": "45683"
},
{
"N": "Task-51-2",
"Th": "ForkJoinPool-1-worker-4",
"C": "yellow",
"S": "Stop",
"T": "45912"
},
{
"N": "Task-51-3",
"Th": "ForkJoinPool-1-worker-5",
"C": "yellow",
"S": "Start",
"T": "45705"
},
{
"N": "Task-51-3",
"Th": "ForkJoinPool-1-worker-5",
"C": "yellow",
"S": "Stop",
"T": "45931"
},
{
"N": "Request-51",
"Th": "http-bio-8080-exec-4",
"C": "yellow",
"S": "Start",
"T": "45243"
},
{
"N": "Request-51",
"Th": "http-bio-8080-exec-4",
"C": "yellow",
"S": "Stop",
"T": "45931"
},
{
"N": "Task-52-0",
"Th": "ForkJoinPool-1-worker-1",
"C": "aqua",
"S": "Start",
"T": "45876"
},
{
"N": "Task-52-0",
"Th": "ForkJoinPool-1-worker-1",
"C": "aqua",
"S": "Stop",
"T": "46100"
},
{
"N": "Task-52-1",
"Th": "ForkJoinPool-1-worker-4",
"C": "aqua",
"S": "Start",
"T": "45912"
},
{
"N": "Task-52-1",
"Th": "ForkJoinPool-1-worker-4",
"C": "aqua",
"S": "Stop",
"T": "46136"
},
{
"N": "Task-52-2",
"Th": "ForkJoinPool-1-worker-6",
"C": "aqua",
"S": "Start",
"T": "45914"
},
{
"N": "Task-52-2",
"Th": "ForkJoinPool-1-worker-6",
"C": "aqua",
"S": "Stop",
"T": "46146"
},
{
"N": "Task-52-3",
"Th": "ForkJoinPool-1-worker-5",
"C": "aqua",
"S": "Start",
"T": "45936"
},
{
"N": "Task-52-3",
"Th": "ForkJoinPool-1-worker-5",
"C": "aqua",
"S": "Stop",
"T": "46158"
},
{
"N": "Request-52",
"Th": "http-bio-8080-exec-2",
"C": "aqua",
"S": "Start",
"T": "45476"
},
{
"N": "Request-52",
"Th": "http-bio-8080-exec-2",
"C": "aqua",
"S": "Stop",
"T": "46158"
},
{
"N": "Task-53-0",
"Th": "ForkJoinPool-1-worker-1",
"C": "blue",
"S": "Start",
"T": "46101"
},
{
"N": "Task-53-0",
"Th": "ForkJoinPool-1-worker-1",
"C": "blue",
"S": "Stop",
"T": "46334"
},
{
"N": "Task-53-1",
"Th": "ForkJoinPool-1-worker-4",
"C": "blue",
"S": "Start",
"T": "46137"
},
{
"N": "Task-53-1",
"Th": "ForkJoinPool-1-worker-4",
"C": "blue",
"S": "Stop",
"T": "46376"
},
{
"N": "Task-53-2",
"Th": "ForkJoinPool-1-worker-6",
"C": "blue",
"S": "Start",
"T": "46146"
},
{
"N": "Task-53-2",
"Th": "ForkJoinPool-1-worker-6",
"C": "blue",
"S": "Stop",
"T": "46386"
},
{
"N": "Task-53-3",
"Th": "ForkJoinPool-1-worker-5",
"C": "blue",
"S": "Start",
"T": "46158"
},
{
"N": "Task-53-3",
"Th": "ForkJoinPool-1-worker-5",
"C": "blue",
"S": "Stop",
"T": "46396"
},
{
"N": "Request-53",
"Th": "http-bio-8080-exec-1",
"C": "blue",
"S": "Start",
"T": "45703"
},
{
"N": "Request-53",
"Th": "http-bio-8080-exec-1",
"C": "blue",
"S": "Stop",
"T": "46397"
},
{
"N": "Task-54-0",
"Th": "ForkJoinPool-1-worker-1",
"C": "fuchsia",
"S": "Start",
"T": "46334"
},
{
"N": "Task-54-0",
"Th": "ForkJoinPool-1-worker-1",
"C": "fuchsia",
"S": "Stop",
"T": "46570"
},
{
"N": "Task-54-1",
"Th": "ForkJoinPool-1-worker-4",
"C": "fuchsia",
"S": "Start",
"T": "46377"
},
{
"N": "Task-54-1",
"Th": "ForkJoinPool-1-worker-4",
"C": "fuchsia",
"S": "Stop",
"T": "46617"
},
{
"N": "Task-54-2",
"Th": "ForkJoinPool-1-worker-6",
"C": "fuchsia",
"S": "Start",
"T": "46387"
},
{
"N": "Task-54-2",
"Th": "ForkJoinPool-1-worker-6",
"C": "fuchsia",
"S": "Stop",
"T": "46622"
},
{
"N": "Task-54-3",
"Th": "ForkJoinPool-1-worker-5",
"C": "fuchsia",
"S": "Start",
"T": "46400"
},
{
"N": "Task-54-3",
"Th": "ForkJoinPool-1-worker-5",
"C": "fuchsia",
"S": "Stop",
"T": "46637"
},
{
"N": "Request-54",
"Th": "http-bio-8080-exec-4",
"C": "fuchsia",
"S": "Start",
"T": "45935"
},
{
"N": "Request-54",
"Th": "http-bio-8080-exec-4",
"C": "fuchsia",
"S": "Stop",
"T": "46637"
},
{
"N": "Task-55-0",
"Th": "ForkJoinPool-1-worker-1",
"C": "gray",
"S": "Start",
"T": "46570"
},
{
"N": "Task-55-0",
"Th": "ForkJoinPool-1-worker-1",
"C": "gray",
"S": "Stop",
"T": "46807"
},
{
"N": "Task-55-1",
"Th": "ForkJoinPool-1-worker-4",
"C": "gray",
"S": "Start",
"T": "46618"
},
{
"N": "Task-55-1",
"Th": "ForkJoinPool-1-worker-4",
"C": "gray",
"S": "Stop",
"T": "46860"
},
{
"N": "Task-55-2",
"Th": "ForkJoinPool-1-worker-6",
"C": "gray",
"S": "Start",
"T": "46622"
},
{
"N": "Task-55-2",
"Th": "ForkJoinPool-1-worker-6",
"C": "gray",
"S": "Stop",
"T": "46861"
},
{
"N": "Task-55-3",
"Th": "ForkJoinPool-1-worker-5",
"C": "gray",
"S": "Start",
"T": "46644"
},
{
"N": "Task-55-3",
"Th": "ForkJoinPool-1-worker-5",
"C": "gray",
"S": "Stop",
"T": "46882"
},
{
"N": "Request-55",
"Th": "http-bio-8080-exec-2",
"C": "gray",
"S": "Start",
"T": "46161"
},
{
"N": "Request-55",
"Th": "http-bio-8080-exec-2",
"C": "gray",
"S": "Stop",
"T": "46883"
},
{
"N": "Task-56-0",
"Th": "ForkJoinPool-1-worker-1",
"C": "green",
"S": "Start",
"T": "46808"
},
{
"N": "Task-56-0",
"Th": "ForkJoinPool-1-worker-1",
"C": "green",
"S": "Stop",
"T": "47033"
},
{
"N": "Task-56-1",
"Th": "ForkJoinPool-1-worker-4",
"C": "green",
"S": "Start",
"T": "46860"
},
{
"N": "Task-56-1",
"Th": "ForkJoinPool-1-worker-4",
"C": "green",
"S": "Stop",
"T": "47083"
},
{
"N": "Task-56-2",
"Th": "ForkJoinPool-1-worker-6",
"C": "green",
"S": "Start",
"T": "46861"
},
{
"N": "Task-56-2",
"Th": "ForkJoinPool-1-worker-6",
"C": "green",
"S": "Stop",
"T": "47091"
},
{
"N": "Task-56-3",
"Th": "ForkJoinPool-1-worker-5",
"C": "green",
"S": "Start",
"T": "46883"
},
{
"N": "Task-56-3",
"Th": "ForkJoinPool-1-worker-5",
"C": "green",
"S": "Stop",
"T": "47109"
},
{
"N": "Request-56",
"Th": "http-bio-8080-exec-1",
"C": "green",
"S": "Start",
"T": "46400"
},
{
"N": "Request-56",
"Th": "http-bio-8080-exec-1",
"C": "green",
"S": "Stop",
"T": "47110"
},
{
"N": "Task-57-0",
"Th": "ForkJoinPool-1-worker-1",
"C": "lime",
"S": "Start",
"T": "47033"
},
{
"N": "Task-57-0",
"Th": "ForkJoinPool-1-worker-1",
"C": "lime",
"S": "Stop",
"T": "47266"
},
{
"N": "Task-57-1",
"Th": "ForkJoinPool-1-worker-4",
"C": "lime",
"S": "Start",
"T": "47083"
},
{
"N": "Task-57-1",
"Th": "ForkJoinPool-1-worker-4",
"C": "lime",
"S": "Stop",
"T": "47319"
},
{
"N": "Task-57-2",
"Th": "ForkJoinPool-1-worker-6",
"C": "lime",
"S": "Start",
"T": "47091"
},
{
"N": "Task-57-2",
"Th": "ForkJoinPool-1-worker-6",
"C": "lime",
"S": "Stop",
"T": "47325"
},
{
"N": "Task-57-3",
"Th": "ForkJoinPool-1-worker-5",
"C": "lime",
"S": "Start",
"T": "47114"
},
{
"N": "Task-57-3",
"Th": "ForkJoinPool-1-worker-5",
"C": "lime",
"S": "Stop",
"T": "47351"
},
{
"N": "Request-57",
"Th": "http-bio-8080-exec-4",
"C": "lime",
"S": "Start",
"T": "46643"
},
{
"N": "Request-57",
"Th": "http-bio-8080-exec-4",
"C": "lime",
"S": "Stop",
"T": "47351"
},
{
"N": "Task-58-0",
"Th": "ForkJoinPool-1-worker-1",
"C": "maroon",
"S": "Start",
"T": "47267"
},
{
"N": "Task-58-0",
"Th": "ForkJoinPool-1-worker-1",
"C": "maroon",
"S": "Stop",
"T": "47491"
},
{
"N": "Task-58-1",
"Th": "ForkJoinPool-1-worker-4",
"C": "maroon",
"S": "Start",
"T": "47319"
},
{
"N": "Task-58-1",
"Th": "ForkJoinPool-1-worker-4",
"C": "maroon",
"S": "Stop",
"T": "47547"
},
{
"N": "Task-58-2",
"Th": "ForkJoinPool-1-worker-6",
"C": "maroon",
"S": "Start",
"T": "47326"
},
{
"N": "Task-58-2",
"Th": "ForkJoinPool-1-worker-6",
"C": "maroon",
"S": "Stop",
"T": "47546"
},
{
"N": "Task-58-3",
"Th": "ForkJoinPool-1-worker-5",
"C": "maroon",
"S": "Start",
"T": "47354"
},
{
"N": "Task-58-3",
"Th": "ForkJoinPool-1-worker-5",
"C": "maroon",
"S": "Stop",
"T": "47575"
},
{
"N": "Request-58",
"Th": "http-bio-8080-exec-2",
"C": "maroon",
"S": "Start",
"T": "46886"
},
{
"N": "Request-58",
"Th": "http-bio-8080-exec-2",
"C": "maroon",
"S": "Stop",
"T": "47575"
},
{
"N": "Task-59-0",
"Th": "ForkJoinPool-1-worker-1",
"C": "olive",
"S": "Start",
"T": "47491"
},
{
"N": "Task-59-0",
"Th": "ForkJoinPool-1-worker-1",
"C": "olive",
"S": "Stop",
"T": "47722"
},
{
"N": "Task-59-1",
"Th": "ForkJoinPool-1-worker-6",
"C": "olive",
"S": "Start",
"T": "47547"
},
{
"N": "Task-59-1",
"Th": "ForkJoinPool-1-worker-6",
"C": "olive",
"S": "Stop",
"T": "47775"
},
{
"N": "Task-59-2",
"Th": "ForkJoinPool-1-worker-4",
"C": "olive",
"S": "Start",
"T": "47548"
},
{
"N": "Task-59-2",
"Th": "ForkJoinPool-1-worker-4",
"C": "olive",
"S": "Stop",
"T": "47785"
},
{
"N": "Task-59-3",
"Th": "ForkJoinPool-1-worker-5",
"C": "olive",
"S": "Start",
"T": "47575"
},
{
"N": "Task-59-3",
"Th": "ForkJoinPool-1-worker-5",
"C": "olive",
"S": "Stop",
"T": "47799"
},
{
"N": "Request-59",
"Th": "http-bio-8080-exec-1",
"C": "olive",
"S": "Start",
"T": "47114"
},
{
"N": "Request-59",
"Th": "http-bio-8080-exec-1",
"C": "olive",
"S": "Stop",
"T": "47799"
},
{
"N": "Task-60-0",
"Th": "ForkJoinPool-1-worker-1",
"C": "purple",
"S": "Start",
"T": "47722"
},
{
"N": "Task-60-0",
"Th": "ForkJoinPool-1-worker-1",
"C": "purple",
"S": "Stop",
"T": "47951"
},
{
"N": "Task-60-1",
"Th": "ForkJoinPool-1-worker-6",
"C": "purple",
"S": "Start",
"T": "47775"
},
{
"N": "Task-60-1",
"Th": "ForkJoinPool-1-worker-6",
"C": "purple",
"S": "Stop",
"T": "48006"
},
{
"N": "Task-60-2",
"Th": "ForkJoinPool-1-worker-4",
"C": "purple",
"S": "Start",
"T": "47786"
},
{
"N": "Task-60-2",
"Th": "ForkJoinPool-1-worker-4",
"C": "purple",
"S": "Stop",
"T": "48022"
},
{
"N": "Task-60-3",
"Th": "ForkJoinPool-1-worker-5",
"C": "purple",
"S": "Start",
"T": "47805"
},
{
"N": "Task-60-3",
"Th": "ForkJoinPool-1-worker-5",
"C": "purple",
"S": "Stop",
"T": "48035"
},
{
"N": "Request-60",
"Th": "http-bio-8080-exec-4",
"C": "purple",
"S": "Start",
"T": "47354"
},
{
"N": "Request-60",
"Th": "http-bio-8080-exec-4",
"C": "purple",
"S": "Stop",
"T": "48036"
},
{
"N": "Task-61-0",
"Th": "ForkJoinPool-1-worker-1",
"C": "red",
"S": "Start",
"T": "47952"
},
{
"N": "Task-61-0",
"Th": "ForkJoinPool-1-worker-1",
"C": "red",
"S": "Stop",
"T": "48173"
},
{
"N": "Task-61-1",
"Th": "ForkJoinPool-1-worker-6",
"C": "red",
"S": "Start",
"T": "48006"
},
{
"N": "Task-61-1",
"Th": "ForkJoinPool-1-worker-6",
"C": "red",
"S": "Stop",
"T": "48238"
},
{
"N": "Task-61-2",
"Th": "ForkJoinPool-1-worker-4",
"C": "red",
"S": "Start",
"T": "48023"
},
{
"N": "Task-61-2",
"Th": "ForkJoinPool-1-worker-4",
"C": "red",
"S": "Stop",
"T": "48258"
},
{
"N": "Task-61-3",
"Th": "ForkJoinPool-1-worker-5",
"C": "red",
"S": "Start",
"T": "48036"
},
{
"N": "Task-61-3",
"Th": "ForkJoinPool-1-worker-5",
"C": "red",
"S": "Stop",
"T": "48266"
},
{
"N": "Request-61",
"Th": "http-bio-8080-exec-2",
"C": "red",
"S": "Start",
"T": "47580"
},
{
"N": "Request-61",
"Th": "http-bio-8080-exec-2",
"C": "red",
"S": "Stop",
"T": "48267"
},
{
"N": "Task-62-0",
"Th": "ForkJoinPool-1-worker-1",
"C": "silver",
"S": "Start",
"T": "48174"
},
{
"N": "Task-62-0",
"Th": "ForkJoinPool-1-worker-1",
"C": "silver",
"S": "Stop",
"T": "48403"
},
{
"N": "Task-62-1",
"Th": "ForkJoinPool-1-worker-6",
"C": "silver",
"S": "Start",
"T": "48238"
},
{
"N": "Task-62-1",
"Th": "ForkJoinPool-1-worker-6",
"C": "silver",
"S": "Stop",
"T": "48468"
},
{
"N": "Task-62-2",
"Th": "ForkJoinPool-1-worker-4",
"C": "silver",
"S": "Start",
"T": "48259"
},
{
"N": "Task-62-2",
"Th": "ForkJoinPool-1-worker-4",
"C": "silver",
"S": "Stop",
"T": "48482"
},
{
"N": "Task-62-3",
"Th": "ForkJoinPool-1-worker-5",
"C": "silver",
"S": "Start",
"T": "48271"
},
{
"N": "Task-62-3",
"Th": "ForkJoinPool-1-worker-5",
"C": "silver",
"S": "Stop",
"T": "48498"
},
{
"N": "Request-62",
"Th": "http-bio-8080-exec-1",
"C": "silver",
"S": "Start",
"T": "47805"
},
{
"N": "Request-62",
"Th": "http-bio-8080-exec-1",
"C": "silver",
"S": "Stop",
"T": "48498"
},
{
"N": "Task-63-0",
"Th": "ForkJoinPool-1-worker-1",
"C": "teal",
"S": "Start",
"T": "48403"
},
{
"N": "Task-63-0",
"Th": "ForkJoinPool-1-worker-1",
"C": "teal",
"S": "Stop",
"T": "48623"
},
{
"N": "Task-63-1",
"Th": "ForkJoinPool-1-worker-6",
"C": "teal",
"S": "Start",
"T": "48469"
},
{
"N": "Task-63-1",
"Th": "ForkJoinPool-1-worker-6",
"C": "teal",
"S": "Stop",
"T": "48686"
},
{
"N": "Task-63-2",
"Th": "ForkJoinPool-1-worker-4",
"C": "teal",
"S": "Start",
"T": "48483"
},
{
"N": "Task-63-2",
"Th": "ForkJoinPool-1-worker-4",
"C": "teal",
"S": "Stop",
"T": "48703"
},
{
"N": "Task-63-3",
"Th": "ForkJoinPool-1-worker-5",
"C": "teal",
"S": "Start",
"T": "48498"
},
{
"N": "Task-63-3",
"Th": "ForkJoinPool-1-worker-5",
"C": "teal",
"S": "Stop",
"T": "48716"
},
{
"N": "Request-63",
"Th": "http-bio-8080-exec-4",
"C": "teal",
"S": "Start",
"T": "48041"
},
{
"N": "Request-63",
"Th": "http-bio-8080-exec-4",
"C": "teal",
"S": "Stop",
"T": "48716"
},
{
"N": "Task-64-0",
"Th": "ForkJoinPool-1-worker-1",
"C": "yellow",
"S": "Start",
"T": "48623"
},
{
"N": "Task-64-0",
"Th": "ForkJoinPool-1-worker-1",
"C": "yellow",
"S": "Stop",
"T": "48846"
},
{
"N": "Task-64-1",
"Th": "ForkJoinPool-1-worker-6",
"C": "yellow",
"S": "Start",
"T": "48686"
},
{
"N": "Task-64-1",
"Th": "ForkJoinPool-1-worker-6",
"C": "yellow",
"S": "Stop",
"T": "48911"
},
{
"N": "Task-64-2",
"Th": "ForkJoinPool-1-worker-4",
"C": "yellow",
"S": "Start",
"T": "48703"
},
{
"N": "Task-64-2",
"Th": "ForkJoinPool-1-worker-4",
"C": "yellow",
"S": "Stop",
"T": "48930"
},
{
"N": "Task-64-3",
"Th": "ForkJoinPool-1-worker-5",
"C": "yellow",
"S": "Start",
"T": "48716"
},
{
"N": "Task-64-3",
"Th": "ForkJoinPool-1-worker-5",
"C": "yellow",
"S": "Stop",
"T": "48941"
},
{
"N": "Request-64",
"Th": "http-bio-8080-exec-2",
"C": "yellow",
"S": "Start",
"T": "48270"
},
{
"N": "Request-64",
"Th": "http-bio-8080-exec-2",
"C": "yellow",
"S": "Stop",
"T": "48942"
},
{
"N": "Task-65-0",
"Th": "ForkJoinPool-1-worker-1",
"C": "aqua",
"S": "Start",
"T": "48847"
},
{
"N": "Task-65-0",
"Th": "ForkJoinPool-1-worker-1",
"C": "aqua",
"S": "Stop",
"T": "49073"
},
{
"N": "Task-65-1",
"Th": "ForkJoinPool-1-worker-6",
"C": "aqua",
"S": "Start",
"T": "48912"
},
{
"N": "Task-65-1",
"Th": "ForkJoinPool-1-worker-6",
"C": "aqua",
"S": "Stop",
"T": "49134"
},
{
"N": "Task-65-2",
"Th": "ForkJoinPool-1-worker-4",
"C": "aqua",
"S": "Start",
"T": "48930"
},
{
"N": "Task-65-2",
"Th": "ForkJoinPool-1-worker-4",
"C": "aqua",
"S": "Stop",
"T": "49151"
},
{
"N": "Task-65-3",
"Th": "ForkJoinPool-1-worker-5",
"C": "aqua",
"S": "Start",
"T": "48943"
},
{
"N": "Task-65-3",
"Th": "ForkJoinPool-1-worker-5",
"C": "aqua",
"S": "Stop",
"T": "49172"
},
{
"N": "Request-65",
"Th": "http-bio-8080-exec-3",
"C": "aqua",
"S": "Start",
"T": "48382"
},
{
"N": "Request-65",
"Th": "http-bio-8080-exec-3",
"C": "aqua",
"S": "Stop",
"T": "49172"
},
{
"N": "Task-66-0",
"Th": "ForkJoinPool-1-worker-1",
"C": "blue",
"S": "Start",
"T": "49074"
},
{
"N": "Task-66-0",
"Th": "ForkJoinPool-1-worker-1",
"C": "blue",
"S": "Stop",
"T": "49292"
},
{
"N": "Task-66-1",
"Th": "ForkJoinPool-1-worker-6",
"C": "blue",
"S": "Start",
"T": "49134"
},
{
"N": "Task-66-1",
"Th": "ForkJoinPool-1-worker-6",
"C": "blue",
"S": "Stop",
"T": "49363"
},
{
"N": "Task-66-2",
"Th": "ForkJoinPool-1-worker-4",
"C": "blue",
"S": "Start",
"T": "49151"
},
{
"N": "Task-66-2",
"Th": "ForkJoinPool-1-worker-4",
"C": "blue",
"S": "Stop",
"T": "49376"
},
{
"N": "Task-66-3",
"Th": "ForkJoinPool-1-worker-5",
"C": "blue",
"S": "Start",
"T": "49176"
},
{
"N": "Task-66-3",
"Th": "ForkJoinPool-1-worker-5",
"C": "blue",
"S": "Stop",
"T": "49399"
},
{
"N": "Request-66",
"Th": "http-bio-8080-exec-1",
"C": "blue",
"S": "Start",
"T": "48502"
},
{
"N": "Request-66",
"Th": "http-bio-8080-exec-1",
"C": "blue",
"S": "Stop",
"T": "49399"
},
{
"N": "Task-67-0",
"Th": "ForkJoinPool-1-worker-1",
"C": "fuchsia",
"S": "Start",
"T": "49292"
},
{
"N": "Task-67-0",
"Th": "ForkJoinPool-1-worker-1",
"C": "fuchsia",
"S": "Stop",
"T": "49515"
},
{
"N": "Task-67-1",
"Th": "ForkJoinPool-1-worker-6",
"C": "fuchsia",
"S": "Start",
"T": "49363"
},
{
"N": "Task-67-1",
"Th": "ForkJoinPool-1-worker-6",
"C": "fuchsia",
"S": "Stop",
"T": "49585"
},
{
"N": "Task-67-2",
"Th": "ForkJoinPool-1-worker-4",
"C": "fuchsia",
"S": "Start",
"T": "49376"
},
{
"N": "Task-67-2",
"Th": "ForkJoinPool-1-worker-4",
"C": "fuchsia",
"S": "Stop",
"T": "49605"
},
{
"N": "Task-67-3",
"Th": "ForkJoinPool-1-worker-5",
"C": "fuchsia",
"S": "Start",
"T": "49399"
},
{
"N": "Task-67-3",
"Th": "ForkJoinPool-1-worker-5",
"C": "fuchsia",
"S": "Stop",
"T": "49622"
},
{
"N": "Request-67",
"Th": "http-bio-8080-exec-4",
"C": "fuchsia",
"S": "Start",
"T": "48719"
},
{
"N": "Request-67",
"Th": "http-bio-8080-exec-4",
"C": "fuchsia",
"S": "Stop",
"T": "49622"
},
{
"N": "Task-68-0",
"Th": "ForkJoinPool-1-worker-1",
"C": "gray",
"S": "Start",
"T": "49515"
},
{
"N": "Task-68-0",
"Th": "ForkJoinPool-1-worker-1",
"C": "gray",
"S": "Stop",
"T": "49733"
},
{
"N": "Task-68-1",
"Th": "ForkJoinPool-1-worker-6",
"C": "gray",
"S": "Start",
"T": "49586"
},
{
"N": "Task-68-1",
"Th": "ForkJoinPool-1-worker-6",
"C": "gray",
"S": "Stop",
"T": "49810"
},
{
"N": "Task-68-2",
"Th": "ForkJoinPool-1-worker-4",
"C": "gray",
"S": "Start",
"T": "49606"
},
{
"N": "Task-68-2",
"Th": "ForkJoinPool-1-worker-4",
"C": "gray",
"S": "Stop",
"T": "49829"
},
{
"N": "Task-68-3",
"Th": "ForkJoinPool-1-worker-5",
"C": "gray",
"S": "Start",
"T": "49622"
},
{
"N": "Task-68-3",
"Th": "ForkJoinPool-1-worker-5",
"C": "gray",
"S": "Stop",
"T": "49841"
},
{
"N": "Request-68",
"Th": "http-bio-8080-exec-2",
"C": "gray",
"S": "Start",
"T": "48947"
},
{
"N": "Request-68",
"Th": "http-bio-8080-exec-2",
"C": "gray",
"S": "Stop",
"T": "49841"
},
{
"N": "Task-69-0",
"Th": "ForkJoinPool-1-worker-1",
"C": "green",
"S": "Start",
"T": "49734"
},
{
"N": "Task-69-0",
"Th": "ForkJoinPool-1-worker-1",
"C": "green",
"S": "Stop",
"T": "49954"
},
{
"N": "Task-69-1",
"Th": "ForkJoinPool-1-worker-6",
"C": "green",
"S": "Start",
"T": "49810"
},
{
"N": "Task-69-1",
"Th": "ForkJoinPool-1-worker-6",
"C": "green",
"S": "Stop",
"T": "50035"
},
{
"N": "Task-69-2",
"Th": "ForkJoinPool-1-worker-4",
"C": "green",
"S": "Start",
"T": "49830"
},
{
"N": "Task-69-2",
"Th": "ForkJoinPool-1-worker-4",
"C": "green",
"S": "Stop",
"T": "50057"
},
{
"N": "Task-69-3",
"Th": "ForkJoinPool-1-worker-5",
"C": "green",
"S": "Start",
"T": "49842"
},
{
"N": "Task-69-3",
"Th": "ForkJoinPool-1-worker-5",
"C": "green",
"S": "Stop",
"T": "50069"
},
{
"N": "Request-69",
"Th": "http-bio-8080-exec-3",
"C": "green",
"S": "Start",
"T": "49175"
},
{
"N": "Request-69",
"Th": "http-bio-8080-exec-3",
"C": "green",
"S": "Stop",
"T": "50069"
},
{
"N": "Task-70-0",
"Th": "ForkJoinPool-1-worker-1",
"C": "lime",
"S": "Start",
"T": "49954"
},
{
"N": "Task-70-0",
"Th": "ForkJoinPool-1-worker-1",
"C": "lime",
"S": "Stop",
"T": "50185"
},
{
"N": "Task-70-1",
"Th": "ForkJoinPool-1-worker-6",
"C": "lime",
"S": "Start",
"T": "50036"
},
{
"N": "Task-70-1",
"Th": "ForkJoinPool-1-worker-6",
"C": "lime",
"S": "Stop",
"T": "50263"
},
{
"N": "Task-70-2",
"Th": "ForkJoinPool-1-worker-4",
"C": "lime",
"S": "Start",
"T": "50057"
},
{
"N": "Task-70-2",
"Th": "ForkJoinPool-1-worker-4",
"C": "lime",
"S": "Stop",
"T": "50281"
},
{
"N": "Task-70-3",
"Th": "ForkJoinPool-1-worker-5",
"C": "lime",
"S": "Start",
"T": "50070"
},
{
"N": "Task-70-3",
"Th": "ForkJoinPool-1-worker-5",
"C": "lime",
"S": "Stop",
"T": "50292"
},
{
"N": "Request-70",
"Th": "http-bio-8080-exec-1",
"C": "lime",
"S": "Start",
"T": "49403"
},
{
"N": "Request-70",
"Th": "http-bio-8080-exec-1",
"C": "lime",
"S": "Stop",
"T": "50293"
},
{
"N": "Task-71-0",
"Th": "ForkJoinPool-1-worker-1",
"C": "maroon",
"S": "Start",
"T": "50186"
},
{
"N": "Task-71-0",
"Th": "ForkJoinPool-1-worker-1",
"C": "maroon",
"S": "Stop",
"T": "50408"
},
{
"N": "Task-71-1",
"Th": "ForkJoinPool-1-worker-6",
"C": "maroon",
"S": "Start",
"T": "50263"
},
{
"N": "Task-71-1",
"Th": "ForkJoinPool-1-worker-6",
"C": "maroon",
"S": "Stop",
"T": "50494"
},
{
"N": "Task-71-2",
"Th": "ForkJoinPool-1-worker-4",
"C": "maroon",
"S": "Start",
"T": "50281"
},
{
"N": "Task-71-2",
"Th": "ForkJoinPool-1-worker-4",
"C": "maroon",
"S": "Stop",
"T": "50519"
},
{
"N": "Task-71-3",
"Th": "ForkJoinPool-1-worker-5",
"C": "maroon",
"S": "Start",
"T": "50293"
},
{
"N": "Task-71-3",
"Th": "ForkJoinPool-1-worker-5",
"C": "maroon",
"S": "Stop",
"T": "50533"
},
{
"N": "Request-71",
"Th": "http-bio-8080-exec-4",
"C": "maroon",
"S": "Start",
"T": "49626"
},
{
"N": "Request-71",
"Th": "http-bio-8080-exec-4",
"C": "maroon",
"S": "Stop",
"T": "50534"
},
{
"N": "Task-72-0",
"Th": "ForkJoinPool-1-worker-1",
"C": "olive",
"S": "Start",
"T": "50408"
},
{
"N": "Task-72-0",
"Th": "ForkJoinPool-1-worker-1",
"C": "olive",
"S": "Stop",
"T": "50645"
},
{
"N": "Task-72-1",
"Th": "ForkJoinPool-1-worker-6",
"C": "olive",
"S": "Start",
"T": "50494"
},
{
"N": "Task-72-1",
"Th": "ForkJoinPool-1-worker-6",
"C": "olive",
"S": "Stop",
"T": "50734"
},
{
"N": "Task-72-2",
"Th": "ForkJoinPool-1-worker-4",
"C": "olive",
"S": "Start",
"T": "50519"
},
{
"N": "Task-72-2",
"Th": "ForkJoinPool-1-worker-4",
"C": "olive",
"S": "Stop",
"T": "50756"
},
{
"N": "Task-72-3",
"Th": "ForkJoinPool-1-worker-5",
"C": "olive",
"S": "Start",
"T": "50533"
},
{
"N": "Task-72-3",
"Th": "ForkJoinPool-1-worker-5",
"C": "olive",
"S": "Stop",
"T": "50767"
},
{
"N": "Request-72",
"Th": "http-bio-8080-exec-2",
"C": "olive",
"S": "Start",
"T": "49844"
},
{
"N": "Request-72",
"Th": "http-bio-8080-exec-2",
"C": "olive",
"S": "Stop",
"T": "50767"
},
{
"N": "Task-73-0",
"Th": "ForkJoinPool-1-worker-1",
"C": "purple",
"S": "Start",
"T": "50645"
},
{
"N": "Task-73-0",
"Th": "ForkJoinPool-1-worker-1",
"C": "purple",
"S": "Stop",
"T": "50868"
},
{
"N": "Task-73-1",
"Th": "ForkJoinPool-1-worker-6",
"C": "purple",
"S": "Start",
"T": "50734"
},
{
"N": "Task-73-1",
"Th": "ForkJoinPool-1-worker-6",
"C": "purple",
"S": "Stop",
"T": "50958"
},
{
"N": "Task-73-2",
"Th": "ForkJoinPool-1-worker-4",
"C": "purple",
"S": "Start",
"T": "50756"
},
{
"N": "Task-73-2",
"Th": "ForkJoinPool-1-worker-4",
"C": "purple",
"S": "Stop",
"T": "50977"
},
{
"N": "Task-73-3",
"Th": "ForkJoinPool-1-worker-5",
"C": "purple",
"S": "Start",
"T": "50772"
},
{
"N": "Task-73-3",
"Th": "ForkJoinPool-1-worker-5",
"C": "purple",
"S": "Stop",
"T": "50995"
},
{
"N": "Request-73",
"Th": "http-bio-8080-exec-3",
"C": "purple",
"S": "Start",
"T": "50072"
},
{
"N": "Request-73",
"Th": "http-bio-8080-exec-3",
"C": "purple",
"S": "Stop",
"T": "50995"
},
{
"N": "Task-74-0",
"Th": "ForkJoinPool-1-worker-1",
"C": "red",
"S": "Start",
"T": "50869"
},
{
"N": "Task-74-0",
"Th": "ForkJoinPool-1-worker-1",
"C": "red",
"S": "Stop",
"T": "51093"
},
{
"N": "Task-74-1",
"Th": "ForkJoinPool-1-worker-6",
"C": "red",
"S": "Start",
"T": "50959"
},
{
"N": "Task-74-1",
"Th": "ForkJoinPool-1-worker-6",
"C": "red",
"S": "Stop",
"T": "51187"
},
{
"N": "Task-74-2",
"Th": "ForkJoinPool-1-worker-4",
"C": "red",
"S": "Start",
"T": "50977"
},
{
"N": "Task-74-2",
"Th": "ForkJoinPool-1-worker-4",
"C": "red",
"S": "Stop",
"T": "51198"
},
{
"N": "Task-74-3",
"Th": "ForkJoinPool-1-worker-5",
"C": "red",
"S": "Start",
"T": "51001"
},
{
"N": "Task-74-3",
"Th": "ForkJoinPool-1-worker-5",
"C": "red",
"S": "Stop",
"T": "51227"
},
{
"N": "Request-74",
"Th": "http-bio-8080-exec-1",
"C": "red",
"S": "Start",
"T": "50297"
},
{
"N": "Request-74",
"Th": "http-bio-8080-exec-1",
"C": "red",
"S": "Stop",
"T": "51227"
},
{
"N": "Task-75-0",
"Th": "ForkJoinPool-1-worker-1",
"C": "silver",
"S": "Start",
"T": "51093"
},
{
"N": "Task-75-0",
"Th": "ForkJoinPool-1-worker-1",
"C": "silver",
"S": "Stop",
"T": "51323"
},
{
"N": "Task-75-1",
"Th": "ForkJoinPool-1-worker-6",
"C": "silver",
"S": "Start",
"T": "51187"
},
{
"N": "Task-75-1",
"Th": "ForkJoinPool-1-worker-6",
"C": "silver",
"S": "Stop",
"T": "51415"
},
{
"N": "Task-75-2",
"Th": "ForkJoinPool-1-worker-4",
"C": "silver",
"S": "Start",
"T": "51198"
},
{
"N": "Task-75-2",
"Th": "ForkJoinPool-1-worker-4",
"C": "silver",
"S": "Stop",
"T": "51431"
},
{
"N": "Task-75-3",
"Th": "ForkJoinPool-1-worker-5",
"C": "silver",
"S": "Start",
"T": "51227"
},
{
"N": "Task-75-3",
"Th": "ForkJoinPool-1-worker-5",
"C": "silver",
"S": "Stop",
"T": "51457"
},
{
"N": "Request-75",
"Th": "http-bio-8080-exec-4",
"C": "silver",
"S": "Start",
"T": "50539"
},
{
"N": "Request-75",
"Th": "http-bio-8080-exec-4",
"C": "silver",
"S": "Stop",
"T": "51458"
},
{
"N": "Task-76-0",
"Th": "ForkJoinPool-1-worker-1",
"C": "teal",
"S": "Start",
"T": "51323"
},
{
"N": "Task-76-0",
"Th": "ForkJoinPool-1-worker-1",
"C": "teal",
"S": "Stop",
"T": "51553"
},
{
"N": "Task-76-1",
"Th": "ForkJoinPool-1-worker-6",
"C": "teal",
"S": "Start",
"T": "51415"
},
{
"N": "Task-76-1",
"Th": "ForkJoinPool-1-worker-6",
"C": "teal",
"S": "Stop",
"T": "51646"
},
{
"N": "Task-76-2",
"Th": "ForkJoinPool-1-worker-4",
"C": "teal",
"S": "Start",
"T": "51431"
},
{
"N": "Task-76-2",
"Th": "ForkJoinPool-1-worker-4",
"C": "teal",
"S": "Stop",
"T": "51663"
},
{
"N": "Task-76-3",
"Th": "ForkJoinPool-1-worker-5",
"C": "teal",
"S": "Start",
"T": "51457"
},
{
"N": "Task-76-3",
"Th": "ForkJoinPool-1-worker-5",
"C": "teal",
"S": "Stop",
"T": "51681"
},
{
"N": "Request-76",
"Th": "http-bio-8080-exec-2",
"C": "teal",
"S": "Start",
"T": "50771"
},
{
"N": "Request-76",
"Th": "http-bio-8080-exec-2",
"C": "teal",
"S": "Stop",
"T": "51682"
},
{
"N": "Task-77-0",
"Th": "ForkJoinPool-1-worker-1",
"C": "yellow",
"S": "Start",
"T": "51553"
},
{
"N": "Task-77-0",
"Th": "ForkJoinPool-1-worker-1",
"C": "yellow",
"S": "Stop",
"T": "51778"
},
{
"N": "Task-77-1",
"Th": "ForkJoinPool-1-worker-6",
"C": "yellow",
"S": "Start",
"T": "51646"
},
{
"N": "Task-77-1",
"Th": "ForkJoinPool-1-worker-6",
"C": "yellow",
"S": "Stop",
"T": "51875"
},
{
"N": "Task-77-2",
"Th": "ForkJoinPool-1-worker-4",
"C": "yellow",
"S": "Start",
"T": "51663"
},
{
"N": "Task-77-2",
"Th": "ForkJoinPool-1-worker-4",
"C": "yellow",
"S": "Stop",
"T": "51886"
},
{
"N": "Task-77-3",
"Th": "ForkJoinPool-1-worker-5",
"C": "yellow",
"S": "Start",
"T": "51683"
},
{
"N": "Task-77-3",
"Th": "ForkJoinPool-1-worker-5",
"C": "yellow",
"S": "Stop",
"T": "51910"
},
{
"N": "Request-77",
"Th": "http-bio-8080-exec-3",
"C": "yellow",
"S": "Start",
"T": "51000"
},
{
"N": "Request-77",
"Th": "http-bio-8080-exec-3",
"C": "yellow",
"S": "Stop",
"T": "51910"
},
{
"N": "Task-78-0",
"Th": "ForkJoinPool-1-worker-1",
"C": "aqua",
"S": "Start",
"T": "51779"
},
{
"N": "Task-78-0",
"Th": "ForkJoinPool-1-worker-1",
"C": "aqua",
"S": "Stop",
"T": "52003"
},
{
"N": "Task-78-1",
"Th": "ForkJoinPool-1-worker-6",
"C": "aqua",
"S": "Start",
"T": "51875"
},
{
"N": "Task-78-1",
"Th": "ForkJoinPool-1-worker-6",
"C": "aqua",
"S": "Stop",
"T": "52105"
},
{
"N": "Task-78-2",
"Th": "ForkJoinPool-1-worker-4",
"C": "aqua",
"S": "Start",
"T": "51887"
},
{
"N": "Task-78-2",
"Th": "ForkJoinPool-1-worker-4",
"C": "aqua",
"S": "Stop",
"T": "52114"
},
{
"N": "Task-78-3",
"Th": "ForkJoinPool-1-worker-5",
"C": "aqua",
"S": "Start",
"T": "51914"
},
{
"N": "Task-78-3",
"Th": "ForkJoinPool-1-worker-5",
"C": "aqua",
"S": "Stop",
"T": "52140"
},
{
"N": "Request-78",
"Th": "http-bio-8080-exec-1",
"C": "aqua",
"S": "Start",
"T": "51231"
},
{
"N": "Request-78",
"Th": "http-bio-8080-exec-1",
"C": "aqua",
"S": "Stop",
"T": "52140"
},
{
"N": "Task-79-0",
"Th": "ForkJoinPool-1-worker-1",
"C": "blue",
"S": "Start",
"T": "52003"
},
{
"N": "Task-79-0",
"Th": "ForkJoinPool-1-worker-1",
"C": "blue",
"S": "Stop",
"T": "52224"
},
{
"N": "Task-79-1",
"Th": "ForkJoinPool-1-worker-6",
"C": "blue",
"S": "Start",
"T": "52105"
},
{
"N": "Task-79-1",
"Th": "ForkJoinPool-1-worker-6",
"C": "blue",
"S": "Stop",
"T": "52331"
},
{
"N": "Task-79-2",
"Th": "ForkJoinPool-1-worker-4",
"C": "blue",
"S": "Start",
"T": "52114"
},
{
"N": "Task-79-2",
"Th": "ForkJoinPool-1-worker-4",
"C": "blue",
"S": "Stop",
"T": "52342"
},
{
"N": "Task-79-3",
"Th": "ForkJoinPool-1-worker-5",
"C": "blue",
"S": "Start",
"T": "52140"
},
{
"N": "Task-79-3",
"Th": "ForkJoinPool-1-worker-5",
"C": "blue",
"S": "Stop",
"T": "52367"
},
{
"N": "Request-79",
"Th": "http-bio-8080-exec-4",
"C": "blue",
"S": "Start",
"T": "51461"
},
{
"N": "Request-79",
"Th": "http-bio-8080-exec-4",
"C": "blue",
"S": "Stop",
"T": "52367"
},
{
"N": "Task-80-0",
"Th": "ForkJoinPool-1-worker-1",
"C": "fuchsia",
"S": "Start",
"T": "52224"
},
{
"N": "Task-80-0",
"Th": "ForkJoinPool-1-worker-1",
"C": "fuchsia",
"S": "Stop",
"T": "52452"
},
{
"N": "Task-80-1",
"Th": "ForkJoinPool-1-worker-6",
"C": "fuchsia",
"S": "Start",
"T": "52331"
},
{
"N": "Task-80-1",
"Th": "ForkJoinPool-1-worker-6",
"C": "fuchsia",
"S": "Stop",
"T": "52562"
},
{
"N": "Task-80-2",
"Th": "ForkJoinPool-1-worker-4",
"C": "fuchsia",
"S": "Start",
"T": "52342"
},
{
"N": "Task-80-2",
"Th": "ForkJoinPool-1-worker-4",
"C": "fuchsia",
"S": "Stop",
"T": "52575"
},
{
"N": "Task-80-3",
"Th": "ForkJoinPool-1-worker-5",
"C": "fuchsia",
"S": "Start",
"T": "52367"
},
{
"N": "Task-80-3",
"Th": "ForkJoinPool-1-worker-5",
"C": "fuchsia",
"S": "Stop",
"T": "52596"
},
{
"N": "Request-80",
"Th": "http-bio-8080-exec-2",
"C": "fuchsia",
"S": "Start",
"T": "51686"
},
{
"N": "Request-80",
"Th": "http-bio-8080-exec-2",
"C": "fuchsia",
"S": "Stop",
"T": "52596"
},
{
"N": "Task-81-0",
"Th": "ForkJoinPool-1-worker-1",
"C": "gray",
"S": "Start",
"T": "52452"
},
{
"N": "Task-81-0",
"Th": "ForkJoinPool-1-worker-1",
"C": "gray",
"S": "Stop",
"T": "52678"
},
{
"N": "Task-81-1",
"Th": "ForkJoinPool-1-worker-6",
"C": "gray",
"S": "Start",
"T": "52562"
},
{
"N": "Task-81-1",
"Th": "ForkJoinPool-1-worker-6",
"C": "gray",
"S": "Stop",
"T": "52788"
},
{
"N": "Task-81-2",
"Th": "ForkJoinPool-1-worker-4",
"C": "gray",
"S": "Start",
"T": "52576"
},
{
"N": "Task-81-2",
"Th": "ForkJoinPool-1-worker-4",
"C": "gray",
"S": "Stop",
"T": "52807"
},
{
"N": "Task-81-3",
"Th": "ForkJoinPool-1-worker-5",
"C": "gray",
"S": "Start",
"T": "52601"
},
{
"N": "Task-81-3",
"Th": "ForkJoinPool-1-worker-5",
"C": "gray",
"S": "Stop",
"T": "52826"
},
{
"N": "Request-81",
"Th": "http-bio-8080-exec-3",
"C": "gray",
"S": "Start",
"T": "51914"
},
{
"N": "Request-81",
"Th": "http-bio-8080-exec-3",
"C": "gray",
"S": "Stop",
"T": "52826"
},
{
"N": "Task-82-0",
"Th": "ForkJoinPool-1-worker-1",
"C": "green",
"S": "Start",
"T": "52678"
},
{
"N": "Task-82-0",
"Th": "ForkJoinPool-1-worker-1",
"C": "green",
"S": "Stop",
"T": "52908"
},
{
"N": "Task-82-1",
"Th": "ForkJoinPool-1-worker-6",
"C": "green",
"S": "Start",
"T": "52788"
},
{
"N": "Task-82-1",
"Th": "ForkJoinPool-1-worker-6",
"C": "green",
"S": "Stop",
"T": "53015"
},
{
"N": "Task-82-2",
"Th": "ForkJoinPool-1-worker-4",
"C": "green",
"S": "Start",
"T": "52807"
},
{
"N": "Task-82-2",
"Th": "ForkJoinPool-1-worker-4",
"C": "green",
"S": "Stop",
"T": "53036"
},
{
"N": "Task-82-3",
"Th": "ForkJoinPool-1-worker-5",
"C": "green",
"S": "Start",
"T": "52832"
},
{
"N": "Task-82-3",
"Th": "ForkJoinPool-1-worker-5",
"C": "green",
"S": "Stop",
"T": "53056"
},
{
"N": "Request-82",
"Th": "http-bio-8080-exec-1",
"C": "green",
"S": "Start",
"T": "52143"
},
{
"N": "Request-82",
"Th": "http-bio-8080-exec-1",
"C": "green",
"S": "Stop",
"T": "53057"
},
{
"N": "Task-83-0",
"Th": "ForkJoinPool-1-worker-1",
"C": "lime",
"S": "Start",
"T": "52909"
},
{
"N": "Task-83-0",
"Th": "ForkJoinPool-1-worker-1",
"C": "lime",
"S": "Stop",
"T": "53140"
},
{
"N": "Task-83-1",
"Th": "ForkJoinPool-1-worker-6",
"C": "lime",
"S": "Start",
"T": "53015"
},
{
"N": "Task-83-1",
"Th": "ForkJoinPool-1-worker-6",
"C": "lime",
"S": "Stop",
"T": "53249"
},
{
"N": "Task-83-2",
"Th": "ForkJoinPool-1-worker-4",
"C": "lime",
"S": "Start",
"T": "53036"
},
{
"N": "Task-83-2",
"Th": "ForkJoinPool-1-worker-4",
"C": "lime",
"S": "Stop",
"T": "53273"
},
{
"N": "Task-83-3",
"Th": "ForkJoinPool-1-worker-5",
"C": "lime",
"S": "Start",
"T": "53056"
},
{
"N": "Task-83-3",
"Th": "ForkJoinPool-1-worker-5",
"C": "lime",
"S": "Stop",
"T": "53284"
},
{
"N": "Request-83",
"Th": "http-bio-8080-exec-4",
"C": "lime",
"S": "Start",
"T": "52372"
},
{
"N": "Request-83",
"Th": "http-bio-8080-exec-4",
"C": "lime",
"S": "Stop",
"T": "53284"
},
{
"N": "Task-84-0",
"Th": "ForkJoinPool-1-worker-1",
"C": "maroon",
"S": "Start",
"T": "53140"
},
{
"N": "Task-84-0",
"Th": "ForkJoinPool-1-worker-1",
"C": "maroon",
"S": "Stop",
"T": "53364"
},
{
"N": "Task-84-1",
"Th": "ForkJoinPool-1-worker-6",
"C": "maroon",
"S": "Start",
"T": "53249"
},
{
"N": "Task-84-1",
"Th": "ForkJoinPool-1-worker-6",
"C": "maroon",
"S": "Stop",
"T": "53478"
},
{
"N": "Task-84-2",
"Th": "ForkJoinPool-1-worker-4",
"C": "maroon",
"S": "Start",
"T": "53273"
},
{
"N": "Task-84-2",
"Th": "ForkJoinPool-1-worker-4",
"C": "maroon",
"S": "Stop",
"T": "53508"
},
{
"N": "Task-84-3",
"Th": "ForkJoinPool-1-worker-5",
"C": "maroon",
"S": "Start",
"T": "53284"
},
{
"N": "Task-84-3",
"Th": "ForkJoinPool-1-worker-5",
"C": "maroon",
"S": "Stop",
"T": "53510"
},
{
"N": "Request-84",
"Th": "http-bio-8080-exec-2",
"C": "maroon",
"S": "Start",
"T": "52601"
},
{
"N": "Request-84",
"Th": "http-bio-8080-exec-2",
"C": "maroon",
"S": "Stop",
"T": "53511"
},
{
"N": "Task-85-0",
"Th": "ForkJoinPool-1-worker-1",
"C": "olive",
"S": "Start",
"T": "53365"
},
{
"N": "Task-85-0",
"Th": "ForkJoinPool-1-worker-1",
"C": "olive",
"S": "Stop",
"T": "53599"
},
{
"N": "Task-85-1",
"Th": "ForkJoinPool-1-worker-6",
"C": "olive",
"S": "Start",
"T": "53478"
},
{
"N": "Task-85-1",
"Th": "ForkJoinPool-1-worker-6",
"C": "olive",
"S": "Stop",
"T": "53720"
},
{
"N": "Task-85-2",
"Th": "ForkJoinPool-1-worker-4",
"C": "olive",
"S": "Start",
"T": "53508"
},
{
"N": "Task-85-2",
"Th": "ForkJoinPool-1-worker-4",
"C": "olive",
"S": "Stop",
"T": "53744"
},
{
"N": "Task-85-3",
"Th": "ForkJoinPool-1-worker-5",
"C": "olive",
"S": "Start",
"T": "53518"
},
{
"N": "Task-85-3",
"Th": "ForkJoinPool-1-worker-5",
"C": "olive",
"S": "Stop",
"T": "53747"
},
{
"N": "Request-85",
"Th": "http-bio-8080-exec-3",
"C": "olive",
"S": "Start",
"T": "52831"
},
{
"N": "Request-85",
"Th": "http-bio-8080-exec-3",
"C": "olive",
"S": "Stop",
"T": "53748"
},
{
"N": "Task-86-0",
"Th": "ForkJoinPool-1-worker-1",
"C": "purple",
"S": "Start",
"T": "53599"
},
{
"N": "Task-86-0",
"Th": "ForkJoinPool-1-worker-1",
"C": "purple",
"S": "Stop",
"T": "53829"
},
{
"N": "Task-86-1",
"Th": "ForkJoinPool-1-worker-6",
"C": "purple",
"S": "Start",
"T": "53720"
},
{
"N": "Task-86-1",
"Th": "ForkJoinPool-1-worker-6",
"C": "purple",
"S": "Stop",
"T": "53951"
},
{
"N": "Task-86-2",
"Th": "ForkJoinPool-1-worker-4",
"C": "purple",
"S": "Start",
"T": "53744"
},
{
"N": "Task-86-2",
"Th": "ForkJoinPool-1-worker-4",
"C": "purple",
"S": "Stop",
"T": "53973"
},
{
"N": "Task-86-3",
"Th": "ForkJoinPool-1-worker-5",
"C": "purple",
"S": "Start",
"T": "53750"
},
{
"N": "Task-86-3",
"Th": "ForkJoinPool-1-worker-5",
"C": "purple",
"S": "Stop",
"T": "53975"
},
{
"N": "Request-86",
"Th": "http-bio-8080-exec-1",
"C": "purple",
"S": "Start",
"T": "53060"
},
{
"N": "Request-86",
"Th": "http-bio-8080-exec-1",
"C": "purple",
"S": "Stop",
"T": "53976"
},
{
"N": "Task-87-0",
"Th": "ForkJoinPool-1-worker-1",
"C": "red",
"S": "Start",
"T": "53829"
},
{
"N": "Task-87-0",
"Th": "ForkJoinPool-1-worker-1",
"C": "red",
"S": "Stop",
"T": "54053"
},
{
"N": "Task-87-1",
"Th": "ForkJoinPool-1-worker-6",
"C": "red",
"S": "Start",
"T": "53951"
},
{
"N": "Task-87-1",
"Th": "ForkJoinPool-1-worker-6",
"C": "red",
"S": "Stop",
"T": "54189"
},
{
"N": "Task-87-2",
"Th": "ForkJoinPool-1-worker-4",
"C": "red",
"S": "Start",
"T": "53973"
},
{
"N": "Task-87-2",
"Th": "ForkJoinPool-1-worker-4",
"C": "red",
"S": "Stop",
"T": "54209"
},
{
"N": "Task-87-3",
"Th": "ForkJoinPool-1-worker-5",
"C": "red",
"S": "Start",
"T": "53976"
},
{
"N": "Task-87-3",
"Th": "ForkJoinPool-1-worker-5",
"C": "red",
"S": "Stop",
"T": "54208"
},
{
"N": "Request-87",
"Th": "http-bio-8080-exec-4",
"C": "red",
"S": "Start",
"T": "53288"
},
{
"N": "Request-87",
"Th": "http-bio-8080-exec-4",
"C": "red",
"S": "Stop",
"T": "54210"
},
{
"N": "Task-88-0",
"Th": "ForkJoinPool-1-worker-1",
"C": "silver",
"S": "Start",
"T": "54054"
},
{
"N": "Task-88-0",
"Th": "ForkJoinPool-1-worker-1",
"C": "silver",
"S": "Stop",
"T": "54295"
},
{
"N": "Task-88-1",
"Th": "ForkJoinPool-1-worker-6",
"C": "silver",
"S": "Start",
"T": "54189"
},
{
"N": "Task-88-1",
"Th": "ForkJoinPool-1-worker-6",
"C": "silver",
"S": "Stop",
"T": "54427"
},
{
"N": "Task-88-2",
"Th": "ForkJoinPool-1-worker-5",
"C": "silver",
"S": "Start",
"T": "54209"
},
{
"N": "Task-88-2",
"Th": "ForkJoinPool-1-worker-5",
"C": "silver",
"S": "Stop",
"T": "54445"
},
{
"N": "Task-88-3",
"Th": "ForkJoinPool-1-worker-4",
"C": "silver",
"S": "Start",
"T": "54215"
},
{
"N": "Task-88-3",
"Th": "ForkJoinPool-1-worker-4",
"C": "silver",
"S": "Stop",
"T": "54447"
},
{
"N": "Request-88",
"Th": "http-bio-8080-exec-2",
"C": "silver",
"S": "Start",
"T": "53517"
},
{
"N": "Request-88",
"Th": "http-bio-8080-exec-2",
"C": "silver",
"S": "Stop",
"T": "54447"
},
{
"N": "Task-89-0",
"Th": "ForkJoinPool-1-worker-1",
"C": "teal",
"S": "Start",
"T": "54295"
},
{
"N": "Task-89-0",
"Th": "ForkJoinPool-1-worker-1",
"C": "teal",
"S": "Stop",
"T": "54526"
},
{
"N": "Task-89-1",
"Th": "ForkJoinPool-1-worker-6",
"C": "teal",
"S": "Start",
"T": "54428"
},
{
"N": "Task-89-1",
"Th": "ForkJoinPool-1-worker-6",
"C": "teal",
"S": "Stop",
"T": "54663"
},
{
"N": "Task-89-2",
"Th": "ForkJoinPool-1-worker-5",
"C": "teal",
"S": "Start",
"T": "54445"
},
{
"N": "Task-89-2",
"Th": "ForkJoinPool-1-worker-5",
"C": "teal",
"S": "Stop",
"T": "54684"
},
{
"N": "Task-89-3",
"Th": "ForkJoinPool-1-worker-4",
"C": "teal",
"S": "Start",
"T": "54447"
},
{
"N": "Task-89-3",
"Th": "ForkJoinPool-1-worker-4",
"C": "teal",
"S": "Stop",
"T": "54677"
},
{
"N": "Request-89",
"Th": "http-bio-8080-exec-3",
"C": "teal",
"S": "Start",
"T": "53752"
},
{
"N": "Request-89",
"Th": "http-bio-8080-exec-3",
"C": "teal",
"S": "Stop",
"T": "54685"
},
{
"N": "Task-90-0",
"Th": "ForkJoinPool-1-worker-1",
"C": "yellow",
"S": "Start",
"T": "54526"
},
{
"N": "Task-90-0",
"Th": "ForkJoinPool-1-worker-1",
"C": "yellow",
"S": "Stop",
"T": "54762"
},
{
"N": "Task-90-1",
"Th": "ForkJoinPool-1-worker-6",
"C": "yellow",
"S": "Start",
"T": "54663"
},
{
"N": "Task-90-1",
"Th": "ForkJoinPool-1-worker-6",
"C": "yellow",
"S": "Stop",
"T": "54903"
},
{
"N": "Task-90-2",
"Th": "ForkJoinPool-1-worker-4",
"C": "yellow",
"S": "Start",
"T": "54677"
},
{
"N": "Task-90-2",
"Th": "ForkJoinPool-1-worker-4",
"C": "yellow",
"S": "Stop",
"T": "54922"
},
{
"N": "Task-90-3",
"Th": "ForkJoinPool-1-worker-5",
"C": "yellow",
"S": "Start",
"T": "54689"
},
{
"N": "Task-90-3",
"Th": "ForkJoinPool-1-worker-5",
"C": "yellow",
"S": "Stop",
"T": "54931"
},
{
"N": "Request-90",
"Th": "http-bio-8080-exec-1",
"C": "yellow",
"S": "Start",
"T": "53981"
},
{
"N": "Request-90",
"Th": "http-bio-8080-exec-1",
"C": "yellow",
"S": "Stop",
"T": "54932"
},
{
"N": "Task-91-0",
"Th": "ForkJoinPool-1-worker-1",
"C": "aqua",
"S": "Start",
"T": "54762"
},
{
"N": "Task-91-0",
"Th": "ForkJoinPool-1-worker-1",
"C": "aqua",
"S": "Stop",
"T": "55000"
},
{
"N": "Task-91-1",
"Th": "ForkJoinPool-1-worker-6",
"C": "aqua",
"S": "Start",
"T": "54904"
},
{
"N": "Task-91-1",
"Th": "ForkJoinPool-1-worker-6",
"C": "aqua",
"S": "Stop",
"T": "55133"
},
{
"N": "Task-91-2",
"Th": "ForkJoinPool-1-worker-4",
"C": "aqua",
"S": "Start",
"T": "54922"
},
{
"N": "Task-91-2",
"Th": "ForkJoinPool-1-worker-4",
"C": "aqua",
"S": "Stop",
"T": "55157"
},
{
"N": "Task-91-3",
"Th": "ForkJoinPool-1-worker-5",
"C": "aqua",
"S": "Start",
"T": "54932"
},
{
"N": "Task-91-3",
"Th": "ForkJoinPool-1-worker-5",
"C": "aqua",
"S": "Stop",
"T": "55163"
},
{
"N": "Request-91",
"Th": "http-bio-8080-exec-4",
"C": "aqua",
"S": "Start",
"T": "54214"
},
{
"N": "Request-91",
"Th": "http-bio-8080-exec-4",
"C": "aqua",
"S": "Stop",
"T": "55163"
},
{
"N": "Task-92-0",
"Th": "ForkJoinPool-1-worker-1",
"C": "blue",
"S": "Start",
"T": "55000"
},
{
"N": "Task-92-0",
"Th": "ForkJoinPool-1-worker-1",
"C": "blue",
"S": "Stop",
"T": "55232"
},
{
"N": "Task-92-1",
"Th": "ForkJoinPool-1-worker-6",
"C": "blue",
"S": "Start",
"T": "55134"
},
{
"N": "Task-92-1",
"Th": "ForkJoinPool-1-worker-6",
"C": "blue",
"S": "Stop",
"T": "55397"
},
{
"N": "Task-92-2",
"Th": "ForkJoinPool-1-worker-4",
"C": "blue",
"S": "Start",
"T": "55158"
},
{
"N": "Task-92-2",
"Th": "ForkJoinPool-1-worker-4",
"C": "blue",
"S": "Stop",
"T": "55439"
},
{
"N": "Task-92-3",
"Th": "ForkJoinPool-1-worker-5",
"C": "blue",
"S": "Start",
"T": "55163"
},
{
"N": "Task-92-3",
"Th": "ForkJoinPool-1-worker-5",
"C": "blue",
"S": "Stop",
"T": "55440"
},
{
"N": "Request-92",
"Th": "http-bio-8080-exec-2",
"C": "blue",
"S": "Start",
"T": "54453"
},
{
"N": "Request-92",
"Th": "http-bio-8080-exec-2",
"C": "blue",
"S": "Stop",
"T": "55440"
},
{
"N": "Task-93-0",
"Th": "ForkJoinPool-1-worker-1",
"C": "fuchsia",
"S": "Start",
"T": "55233"
},
{
"N": "Task-93-0",
"Th": "ForkJoinPool-1-worker-1",
"C": "fuchsia",
"S": "Stop",
"T": "55540"
},
{
"N": "Task-93-1",
"Th": "ForkJoinPool-1-worker-6",
"C": "fuchsia",
"S": "Start",
"T": "55397"
},
{
"N": "Task-93-1",
"Th": "ForkJoinPool-1-worker-6",
"C": "fuchsia",
"S": "Stop",
"T": "55698"
},
{
"N": "Task-93-2",
"Th": "ForkJoinPool-1-worker-4",
"C": "fuchsia",
"S": "Start",
"T": "55440"
},
{
"N": "Task-93-2",
"Th": "ForkJoinPool-1-worker-4",
"C": "fuchsia",
"S": "Stop",
"T": "55726"
},
{
"N": "Task-93-3",
"Th": "ForkJoinPool-1-worker-5",
"C": "fuchsia",
"S": "Start",
"T": "55465"
},
{
"N": "Task-93-3",
"Th": "ForkJoinPool-1-worker-5",
"C": "fuchsia",
"S": "Stop",
"T": "55739"
},
{
"N": "Request-93",
"Th": "http-bio-8080-exec-3",
"C": "fuchsia",
"S": "Start",
"T": "54688"
},
{
"N": "Request-93",
"Th": "http-bio-8080-exec-3",
"C": "fuchsia",
"S": "Stop",
"T": "55739"
},
{
"N": "Task-94-0",
"Th": "ForkJoinPool-1-worker-1",
"C": "gray",
"S": "Start",
"T": "55540"
},
{
"N": "Task-94-0",
"Th": "ForkJoinPool-1-worker-1",
"C": "gray",
"S": "Stop",
"T": "55800"
},
{
"N": "Task-94-1",
"Th": "ForkJoinPool-1-worker-6",
"C": "gray",
"S": "Start",
"T": "55698"
},
{
"N": "Task-94-1",
"Th": "ForkJoinPool-1-worker-6",
"C": "gray",
"S": "Stop",
"T": "55934"
},
{
"N": "Task-94-2",
"Th": "ForkJoinPool-1-worker-4",
"C": "gray",
"S": "Start",
"T": "55726"
},
{
"N": "Task-94-2",
"Th": "ForkJoinPool-1-worker-4",
"C": "gray",
"S": "Stop",
"T": "55959"
},
{
"N": "Task-94-3",
"Th": "ForkJoinPool-1-worker-5",
"C": "gray",
"S": "Start",
"T": "55741"
},
{
"N": "Task-94-3",
"Th": "ForkJoinPool-1-worker-5",
"C": "gray",
"S": "Stop",
"T": "55973"
},
{
"N": "Request-94",
"Th": "http-bio-8080-exec-1",
"C": "gray",
"S": "Start",
"T": "54936"
},
{
"N": "Request-94",
"Th": "http-bio-8080-exec-1",
"C": "gray",
"S": "Stop",
"T": "55973"
},
{
"N": "Task-95-0",
"Th": "ForkJoinPool-1-worker-1",
"C": "green",
"S": "Start",
"T": "55800"
},
{
"N": "Task-95-0",
"Th": "ForkJoinPool-1-worker-1",
"C": "green",
"S": "Stop",
"T": "56043"
},
{
"N": "Task-95-1",
"Th": "ForkJoinPool-1-worker-6",
"C": "green",
"S": "Start",
"T": "55934"
},
{
"N": "Task-95-1",
"Th": "ForkJoinPool-1-worker-6",
"C": "green",
"S": "Stop",
"T": "56168"
},
{
"N": "Task-95-2",
"Th": "ForkJoinPool-1-worker-4",
"C": "green",
"S": "Start",
"T": "55960"
},
{
"N": "Task-95-2",
"Th": "ForkJoinPool-1-worker-4",
"C": "green",
"S": "Stop",
"T": "56196"
},
{
"N": "Task-95-3",
"Th": "ForkJoinPool-1-worker-5",
"C": "green",
"S": "Start",
"T": "55973"
},
{
"N": "Task-95-3",
"Th": "ForkJoinPool-1-worker-5",
"C": "green",
"S": "Stop",
"T": "56198"
},
{
"N": "Request-95",
"Th": "http-bio-8080-exec-4",
"C": "green",
"S": "Start",
"T": "55170"
},
{
"N": "Request-95",
"Th": "http-bio-8080-exec-4",
"C": "green",
"S": "Stop",
"T": "56199"
},
{
"N": "Task-96-0",
"Th": "ForkJoinPool-1-worker-1",
"C": "lime",
"S": "Start",
"T": "56044"
},
{
"N": "Task-96-0",
"Th": "ForkJoinPool-1-worker-1",
"C": "lime",
"S": "Stop",
"T": "56276"
},
{
"N": "Task-96-1",
"Th": "ForkJoinPool-1-worker-6",
"C": "lime",
"S": "Start",
"T": "56169"
},
{
"N": "Task-96-1",
"Th": "ForkJoinPool-1-worker-6",
"C": "lime",
"S": "Stop",
"T": "56406"
},
{
"N": "Task-96-2",
"Th": "ForkJoinPool-1-worker-4",
"C": "lime",
"S": "Start",
"T": "56196"
},
{
"N": "Task-96-2",
"Th": "ForkJoinPool-1-worker-4",
"C": "lime",
"S": "Stop",
"T": "56432"
},
{
"N": "Task-96-3",
"Th": "ForkJoinPool-1-worker-5",
"C": "lime",
"S": "Start",
"T": "56199"
},
{
"N": "Task-96-3",
"Th": "ForkJoinPool-1-worker-5",
"C": "lime",
"S": "Stop",
"T": "56433"
},
{
"N": "Request-96",
"Th": "http-bio-8080-exec-2",
"C": "lime",
"S": "Start",
"T": "55453"
},
{
"N": "Request-96",
"Th": "http-bio-8080-exec-2",
"C": "lime",
"S": "Stop",
"T": "56433"
},
{
"N": "Task-97-0",
"Th": "ForkJoinPool-1-worker-1",
"C": "maroon",
"S": "Start",
"T": "56276"
},
{
"N": "Task-97-0",
"Th": "ForkJoinPool-1-worker-1",
"C": "maroon",
"S": "Stop",
"T": "56516"
},
{
"N": "Task-97-1",
"Th": "ForkJoinPool-1-worker-6",
"C": "maroon",
"S": "Start",
"T": "56406"
},
{
"N": "Task-97-1",
"Th": "ForkJoinPool-1-worker-6",
"C": "maroon",
"S": "Stop",
"T": "56648"
},
{
"N": "Task-97-2",
"Th": "ForkJoinPool-1-worker-4",
"C": "maroon",
"S": "Start",
"T": "56432"
},
{
"N": "Task-97-2",
"Th": "ForkJoinPool-1-worker-4",
"C": "maroon",
"S": "Stop",
"T": "56670"
},
{
"N": "Task-97-3",
"Th": "ForkJoinPool-1-worker-5",
"C": "maroon",
"S": "Start",
"T": "56445"
},
{
"N": "Task-97-3",
"Th": "ForkJoinPool-1-worker-5",
"C": "maroon",
"S": "Stop",
"T": "56678"
},
{
"N": "Request-97",
"Th": "http-bio-8080-exec-3",
"C": "maroon",
"S": "Start",
"T": "55744"
},
{
"N": "Request-97",
"Th": "http-bio-8080-exec-3",
"C": "maroon",
"S": "Stop",
"T": "56678"
},
{
"N": "Task-98-0",
"Th": "ForkJoinPool-1-worker-1",
"C": "olive",
"S": "Start",
"T": "56517"
},
{
"N": "Task-98-0",
"Th": "ForkJoinPool-1-worker-1",
"C": "olive",
"S": "Stop",
"T": "56755"
},
{
"N": "Task-98-1",
"Th": "ForkJoinPool-1-worker-6",
"C": "olive",
"S": "Start",
"T": "56649"
},
{
"N": "Task-98-1",
"Th": "ForkJoinPool-1-worker-6",
"C": "olive",
"S": "Stop",
"T": "56891"
},
{
"N": "Task-98-2",
"Th": "ForkJoinPool-1-worker-4",
"C": "olive",
"S": "Start",
"T": "56671"
},
{
"N": "Task-98-2",
"Th": "ForkJoinPool-1-worker-4",
"C": "olive",
"S": "Stop",
"T": "56913"
},
{
"N": "Task-98-3",
"Th": "ForkJoinPool-1-worker-5",
"C": "olive",
"S": "Start",
"T": "56682"
},
{
"N": "Task-98-3",
"Th": "ForkJoinPool-1-worker-5",
"C": "olive",
"S": "Stop",
"T": "56937"
},
{
"N": "Request-98",
"Th": "http-bio-8080-exec-1",
"C": "olive",
"S": "Start",
"T": "55978"
},
{
"N": "Request-98",
"Th": "http-bio-8080-exec-1",
"C": "olive",
"S": "Stop",
"T": "56938"
},
{
"N": "Task-99-0",
"Th": "ForkJoinPool-1-worker-1",
"C": "purple",
"S": "Start",
"T": "56755"
},
{
"N": "Task-99-0",
"Th": "ForkJoinPool-1-worker-1",
"C": "purple",
"S": "Stop",
"T": "56988"
},
{
"N": "Task-99-1",
"Th": "ForkJoinPool-1-worker-6",
"C": "purple",
"S": "Start",
"T": "56892"
},
{
"N": "Task-99-1",
"Th": "ForkJoinPool-1-worker-6",
"C": "purple",
"S": "Stop",
"T": "57123"
},
{
"N": "Task-99-2",
"Th": "ForkJoinPool-1-worker-4",
"C": "purple",
"S": "Start",
"T": "56913"
},
{
"N": "Task-99-2",
"Th": "ForkJoinPool-1-worker-4",
"C": "purple",
"S": "Stop",
"T": "57147"
},
{
"N": "Task-99-3",
"Th": "ForkJoinPool-1-worker-5",
"C": "purple",
"S": "Start",
"T": "56938"
},
{
"N": "Task-99-3",
"Th": "ForkJoinPool-1-worker-5",
"C": "purple",
"S": "Stop",
"T": "57165"
},
{
"N": "Request-99",
"Th": "http-bio-8080-exec-4",
"C": "purple",
"S": "Start",
"T": "56203"
},
{
"N": "Request-99",
"Th": "http-bio-8080-exec-4",
"C": "purple",
"S": "Stop",
"T": "57166"
},
{
"N": "Task-100-0",
"Th": "ForkJoinPool-1-worker-1",
"C": "red",
"S": "Start",
"T": "56989"
},
{
"N": "Task-100-0",
"Th": "ForkJoinPool-1-worker-1",
"C": "red",
"S": "Stop",
"T": "57217"
},
{
"N": "Task-100-1",
"Th": "ForkJoinPool-1-worker-6",
"C": "red",
"S": "Start",
"T": "57123"
},
{
"N": "Task-100-1",
"Th": "ForkJoinPool-1-worker-6",
"C": "red",
"S": "Stop",
"T": "57361"
},
{
"N": "Task-100-2",
"Th": "ForkJoinPool-1-worker-4",
"C": "red",
"S": "Start",
"T": "57147"
},
{
"N": "Task-100-2",
"Th": "ForkJoinPool-1-worker-4",
"C": "red",
"S": "Stop",
"T": "57378"
},
{
"N": "Task-100-3",
"Th": "ForkJoinPool-1-worker-5",
"C": "red",
"S": "Start",
"T": "57166"
},
{
"N": "Task-100-3",
"Th": "ForkJoinPool-1-worker-5",
"C": "red",
"S": "Stop",
"T": "57391"
},
{
"N": "Request-100",
"Th": "http-bio-8080-exec-2",
"C": "red",
"S": "Start",
"T": "56455"
},
{
"N": "Request-100",
"Th": "http-bio-8080-exec-2",
"C": "red",
"S": "Stop",
"T": "57391"
},
{
"N": "Task-101-0",
"Th": "ForkJoinPool-1-worker-1",
"C": "silver",
"S": "Start",
"T": "57217"
},
{
"N": "Task-101-0",
"Th": "ForkJoinPool-1-worker-1",
"C": "silver",
"S": "Stop",
"T": "57450"
},
{
"N": "Task-101-1",
"Th": "ForkJoinPool-1-worker-6",
"C": "silver",
"S": "Start",
"T": "57361"
},
{
"N": "Task-101-1",
"Th": "ForkJoinPool-1-worker-6",
"C": "silver",
"S": "Stop",
"T": "57744"
},
{
"N": "Task-101-2",
"Th": "ForkJoinPool-1-worker-4",
"C": "silver",
"S": "Start",
"T": "57378"
},
{
"N": "Task-101-2",
"Th": "ForkJoinPool-1-worker-4",
"C": "silver",
"S": "Stop",
"T": "57782"
},
{
"N": "Task-101-3",
"Th": "ForkJoinPool-1-worker-5",
"C": "silver",
"S": "Start",
"T": "57393"
},
{
"N": "Task-101-3",
"Th": "ForkJoinPool-1-worker-5",
"C": "silver",
"S": "Stop",
"T": "57793"
},
{
"N": "Request-101",
"Th": "http-bio-8080-exec-3",
"C": "silver",
"S": "Start",
"T": "56682"
},
{
"N": "Request-101",
"Th": "http-bio-8080-exec-3",
"C": "silver",
"S": "Stop",
"T": "57793"
},
{
"N": "Task-102-0",
"Th": "ForkJoinPool-1-worker-1",
"C": "teal",
"S": "Start",
"T": "57451"
},
{
"N": "Task-102-0",
"Th": "ForkJoinPool-1-worker-1",
"C": "teal",
"S": "Stop",
"T": "57885"
},
{
"N": "Task-102-1",
"Th": "ForkJoinPool-1-worker-6",
"C": "teal",
"S": "Start",
"T": "57745"
},
{
"N": "Task-102-1",
"Th": "ForkJoinPool-1-worker-6",
"C": "teal",
"S": "Stop",
"T": "58067"
},
{
"N": "Task-102-2",
"Th": "ForkJoinPool-1-worker-4",
"C": "teal",
"S": "Start",
"T": "57783"
},
{
"N": "Task-102-2",
"Th": "ForkJoinPool-1-worker-4",
"C": "teal",
"S": "Stop",
"T": "58091"
},
{
"N": "Task-102-3",
"Th": "ForkJoinPool-1-worker-5",
"C": "teal",
"S": "Start",
"T": "57798"
},
{
"N": "Task-102-3",
"Th": "ForkJoinPool-1-worker-5",
"C": "teal",
"S": "Stop",
"T": "58098"
},
{
"N": "Request-102",
"Th": "http-bio-8080-exec-1",
"C": "teal",
"S": "Start",
"T": "56943"
},
{
"N": "Request-102",
"Th": "http-bio-8080-exec-1",
"C": "teal",
"S": "Stop",
"T": "58099"
},
{
"N": "Task-103-0",
"Th": "ForkJoinPool-1-worker-1",
"C": "yellow",
"S": "Start",
"T": "57886"
},
{
"N": "Task-103-0",
"Th": "ForkJoinPool-1-worker-1",
"C": "yellow",
"S": "Stop",
"T": "58165"
},
{
"N": "Task-103-1",
"Th": "ForkJoinPool-1-worker-6",
"C": "yellow",
"S": "Start",
"T": "58068"
},
{
"N": "Task-103-1",
"Th": "ForkJoinPool-1-worker-6",
"C": "yellow",
"S": "Stop",
"T": "58309"
},
{
"N": "Task-103-2",
"Th": "ForkJoinPool-1-worker-4",
"C": "yellow",
"S": "Start",
"T": "58091"
},
{
"N": "Task-103-2",
"Th": "ForkJoinPool-1-worker-4",
"C": "yellow",
"S": "Stop",
"T": "58333"
},
{
"N": "Task-103-3",
"Th": "ForkJoinPool-1-worker-5",
"C": "yellow",
"S": "Start",
"T": "58098"
},
{
"N": "Task-103-3",
"Th": "ForkJoinPool-1-worker-5",
"C": "yellow",
"S": "Stop",
"T": "58336"
},
{
"N": "Request-103",
"Th": "http-bio-8080-exec-4",
"C": "yellow",
"S": "Start",
"T": "57169"
},
{
"N": "Request-103",
"Th": "http-bio-8080-exec-4",
"C": "yellow",
"S": "Stop",
"T": "58336"
},
{
"N": "Task-104-0",
"Th": "ForkJoinPool-1-worker-1",
"C": "aqua",
"S": "Start",
"T": "58165"
},
{
"N": "Task-104-0",
"Th": "ForkJoinPool-1-worker-1",
"C": "aqua",
"S": "Stop",
"T": "58404"
},
{
"N": "Task-104-1",
"Th": "ForkJoinPool-1-worker-6",
"C": "aqua",
"S": "Start",
"T": "58309"
},
{
"N": "Task-104-1",
"Th": "ForkJoinPool-1-worker-6",
"C": "aqua",
"S": "Stop",
"T": "58545"
},
{
"N": "Task-104-2",
"Th": "ForkJoinPool-1-worker-4",
"C": "aqua",
"S": "Start",
"T": "58333"
},
{
"N": "Task-104-2",
"Th": "ForkJoinPool-1-worker-4",
"C": "aqua",
"S": "Stop",
"T": "58578"
},
{
"N": "Task-104-3",
"Th": "ForkJoinPool-1-worker-5",
"C": "aqua",
"S": "Start",
"T": "58336"
},
{
"N": "Task-104-3",
"Th": "ForkJoinPool-1-worker-5",
"C": "aqua",
"S": "Stop",
"T": "58565"
},
{
"N": "Request-104",
"Th": "http-bio-8080-exec-2",
"C": "aqua",
"S": "Start",
"T": "57394"
},
{
"N": "Request-104",
"Th": "http-bio-8080-exec-2",
"C": "aqua",
"S": "Stop",
"T": "58578"
},
{
"N": "Task-105-0",
"Th": "ForkJoinPool-1-worker-1",
"C": "blue",
"S": "Start",
"T": "58404"
},
{
"N": "Task-105-0",
"Th": "ForkJoinPool-1-worker-1",
"C": "blue",
"S": "Stop",
"T": "58635"
},
{
"N": "Task-105-1",
"Th": "ForkJoinPool-1-worker-6",
"C": "blue",
"S": "Start",
"T": "58546"
},
{
"N": "Task-105-1",
"Th": "ForkJoinPool-1-worker-6",
"C": "blue",
"S": "Stop",
"T": "58775"
},
{
"N": "Task-105-2",
"Th": "ForkJoinPool-1-worker-5",
"C": "blue",
"S": "Start",
"T": "58565"
},
{
"N": "Task-105-2",
"Th": "ForkJoinPool-1-worker-5",
"C": "blue",
"S": "Stop",
"T": "58793"
},
{
"N": "Task-105-3",
"Th": "ForkJoinPool-1-worker-4",
"C": "blue",
"S": "Start",
"T": "58582"
},
{
"N": "Task-105-3",
"Th": "ForkJoinPool-1-worker-4",
"C": "blue",
"S": "Stop",
"T": "58813"
},
{
"N": "Request-105",
"Th": "http-bio-8080-exec-3",
"C": "blue",
"S": "Start",
"T": "57797"
},
{
"N": "Request-105",
"Th": "http-bio-8080-exec-3",
"C": "blue",
"S": "Stop",
"T": "58814"
},
{
"N": "Task-106-0",
"Th": "ForkJoinPool-1-worker-1",
"C": "fuchsia",
"S": "Start",
"T": "58635"
},
{
"N": "Task-106-0",
"Th": "ForkJoinPool-1-worker-1",
"C": "fuchsia",
"S": "Stop",
"T": "58873"
},
{
"N": "Task-106-1",
"Th": "ForkJoinPool-1-worker-6",
"C": "fuchsia",
"S": "Start",
"T": "58775"
},
{
"N": "Task-106-1",
"Th": "ForkJoinPool-1-worker-6",
"C": "fuchsia",
"S": "Stop",
"T": "59012"
},
{
"N": "Task-106-2",
"Th": "ForkJoinPool-1-worker-5",
"C": "fuchsia",
"S": "Start",
"T": "58794"
},
{
"N": "Task-106-2",
"Th": "ForkJoinPool-1-worker-5",
"C": "fuchsia",
"S": "Stop",
"T": "59031"
},
{
"N": "Task-106-3",
"Th": "ForkJoinPool-1-worker-4",
"C": "fuchsia",
"S": "Start",
"T": "58814"
},
{
"N": "Task-106-3",
"Th": "ForkJoinPool-1-worker-4",
"C": "fuchsia",
"S": "Stop",
"T": "59039"
},
{
"N": "Request-106",
"Th": "http-bio-8080-exec-1",
"C": "fuchsia",
"S": "Start",
"T": "58103"
},
{
"N": "Request-106",
"Th": "http-bio-8080-exec-1",
"C": "fuchsia",
"S": "Stop",
"T": "59040"
},
{
"N": "Task-107-0",
"Th": "ForkJoinPool-1-worker-1",
"C": "gray",
"S": "Start",
"T": "58873"
},
{
"N": "Task-107-0",
"Th": "ForkJoinPool-1-worker-1",
"C": "gray",
"S": "Stop",
"T": "59112"
},
{
"N": "Task-107-1",
"Th": "ForkJoinPool-1-worker-6",
"C": "gray",
"S": "Start",
"T": "59012"
},
{
"N": "Task-107-1",
"Th": "ForkJoinPool-1-worker-6",
"C": "gray",
"S": "Stop",
"T": "59242"
},
{
"N": "Task-107-2",
"Th": "ForkJoinPool-1-worker-5",
"C": "gray",
"S": "Start",
"T": "59031"
},
{
"N": "Task-107-2",
"Th": "ForkJoinPool-1-worker-5",
"C": "gray",
"S": "Stop",
"T": "59258"
},
{
"N": "Task-107-3",
"Th": "ForkJoinPool-1-worker-4",
"C": "gray",
"S": "Start",
"T": "59045"
},
{
"N": "Task-107-3",
"Th": "ForkJoinPool-1-worker-4",
"C": "gray",
"S": "Stop",
"T": "59283"
},
{
"N": "Request-107",
"Th": "http-bio-8080-exec-4",
"C": "gray",
"S": "Start",
"T": "58341"
},
{
"N": "Request-107",
"Th": "http-bio-8080-exec-4",
"C": "gray",
"S": "Stop",
"T": "59283"
},
{
"N": "Task-108-0",
"Th": "ForkJoinPool-1-worker-1",
"C": "green",
"S": "Start",
"T": "59112"
},
{
"N": "Task-108-0",
"Th": "ForkJoinPool-1-worker-1",
"C": "green",
"S": "Stop",
"T": "59345"
},
{
"N": "Task-108-1",
"Th": "ForkJoinPool-1-worker-6",
"C": "green",
"S": "Start",
"T": "59243"
},
{
"N": "Task-108-1",
"Th": "ForkJoinPool-1-worker-6",
"C": "green",
"S": "Stop",
"T": "59475"
},
{
"N": "Task-108-2",
"Th": "ForkJoinPool-1-worker-5",
"C": "green",
"S": "Start",
"T": "59259"
},
{
"N": "Task-108-2",
"Th": "ForkJoinPool-1-worker-5",
"C": "green",
"S": "Stop",
"T": "59487"
},
{
"N": "Task-108-3",
"Th": "ForkJoinPool-1-worker-4",
"C": "green",
"S": "Start",
"T": "59288"
},
{
"N": "Task-108-3",
"Th": "ForkJoinPool-1-worker-4",
"C": "green",
"S": "Stop",
"T": "59520"
},
{
"N": "Request-108",
"Th": "http-bio-8080-exec-2",
"C": "green",
"S": "Start",
"T": "58582"
},
{
"N": "Request-108",
"Th": "http-bio-8080-exec-2",
"C": "green",
"S": "Stop",
"T": "59520"
},
{
"N": "Task-109-0",
"Th": "ForkJoinPool-1-worker-1",
"C": "lime",
"S": "Start",
"T": "59345"
},
{
"N": "Task-109-0",
"Th": "ForkJoinPool-1-worker-1",
"C": "lime",
"S": "Stop",
"T": "59590"
},
{
"N": "Task-109-1",
"Th": "ForkJoinPool-1-worker-6",
"C": "lime",
"S": "Start",
"T": "59475"
},
{
"N": "Task-109-1",
"Th": "ForkJoinPool-1-worker-6",
"C": "lime",
"S": "Stop",
"T": "59727"
},
{
"N": "Task-109-2",
"Th": "ForkJoinPool-1-worker-5",
"C": "lime",
"S": "Start",
"T": "59487"
},
{
"N": "Task-109-2",
"Th": "ForkJoinPool-1-worker-5",
"C": "lime",
"S": "Stop",
"T": "59734"
},
{
"N": "Task-109-3",
"Th": "ForkJoinPool-1-worker-4",
"C": "lime",
"S": "Start",
"T": "59525"
},
{
"N": "Task-109-3",
"Th": "ForkJoinPool-1-worker-4",
"C": "lime",
"S": "Stop",
"T": "59766"
},
{
"N": "Request-109",
"Th": "http-bio-8080-exec-3",
"C": "lime",
"S": "Start",
"T": "58817"
},
{
"N": "Request-109",
"Th": "http-bio-8080-exec-3",
"C": "lime",
"S": "Stop",
"T": "59766"
},
{
"N": "Task-110-0",
"Th": "ForkJoinPool-1-worker-1",
"C": "maroon",
"S": "Start",
"T": "59590"
},
{
"N": "Task-110-0",
"Th": "ForkJoinPool-1-worker-1",
"C": "maroon",
"S": "Stop",
"T": "59828"
},
{
"N": "Task-110-1",
"Th": "ForkJoinPool-1-worker-6",
"C": "maroon",
"S": "Start",
"T": "59727"
},
{
"N": "Task-110-1",
"Th": "ForkJoinPool-1-worker-6",
"C": "maroon",
"S": "Stop",
"T": "59970"
},
{
"N": "Task-110-2",
"Th": "ForkJoinPool-1-worker-5",
"C": "maroon",
"S": "Start",
"T": "59734"
},
{
"N": "Task-110-2",
"Th": "ForkJoinPool-1-worker-5",
"C": "maroon",
"S": "Stop",
"T": "59981"
},
{
"N": "Task-110-3",
"Th": "ForkJoinPool-1-worker-4",
"C": "maroon",
"S": "Start",
"T": "59766"
},
{
"N": "Task-110-3",
"Th": "ForkJoinPool-1-worker-4",
"C": "maroon",
"S": "Stop",
"T": "60007"
},
{
"N": "Request-110",
"Th": "http-bio-8080-exec-1",
"C": "maroon",
"S": "Start",
"T": "59043"
},
{
"N": "Request-110",
"Th": "http-bio-8080-exec-1",
"C": "maroon",
"S": "Stop",
"T": "60008"
},
{
"N": "Task-111-0",
"Th": "ForkJoinPool-1-worker-1",
"C": "olive",
"S": "Start",
"T": "59828"
},
{
"N": "Task-111-0",
"Th": "ForkJoinPool-1-worker-1",
"C": "olive",
"S": "Stop",
"T": "60063"
},
{
"N": "Task-111-1",
"Th": "ForkJoinPool-1-worker-6",
"C": "olive",
"S": "Start",
"T": "59970"
},
{
"N": "Task-111-1",
"Th": "ForkJoinPool-1-worker-6",
"C": "olive",
"S": "Stop",
"T": "60219"
},
{
"N": "Task-111-2",
"Th": "ForkJoinPool-1-worker-5",
"C": "olive",
"S": "Start",
"T": "59981"
},
{
"N": "Task-111-2",
"Th": "ForkJoinPool-1-worker-5",
"C": "olive",
"S": "Stop",
"T": "60228"
},
{
"N": "Task-111-3",
"Th": "ForkJoinPool-1-worker-4",
"C": "olive",
"S": "Start",
"T": "60015"
},
{
"N": "Task-111-3",
"Th": "ForkJoinPool-1-worker-4",
"C": "olive",
"S": "Stop",
"T": "60250"
},
{
"N": "Request-111",
"Th": "http-bio-8080-exec-4",
"C": "olive",
"S": "Start",
"T": "59287"
},
{
"N": "Request-111",
"Th": "http-bio-8080-exec-4",
"C": "olive",
"S": "Stop",
"T": "60251"
},
{
"N": "Task-112-0",
"Th": "ForkJoinPool-1-worker-1",
"C": "purple",
"S": "Start",
"T": "60063"
},
{
"N": "Task-112-0",
"Th": "ForkJoinPool-1-worker-1",
"C": "purple",
"S": "Stop",
"T": "60296"
},
{
"N": "Task-112-1",
"Th": "ForkJoinPool-1-worker-6",
"C": "purple",
"S": "Start",
"T": "60219"
},
{
"N": "Task-112-1",
"Th": "ForkJoinPool-1-worker-6",
"C": "purple",
"S": "Stop",
"T": "60457"
},
{
"N": "Task-112-2",
"Th": "ForkJoinPool-1-worker-5",
"C": "purple",
"S": "Start",
"T": "60228"
},
{
"N": "Task-112-2",
"Th": "ForkJoinPool-1-worker-5",
"C": "purple",
"S": "Stop",
"T": "60468"
},
{
"N": "Task-112-3",
"Th": "ForkJoinPool-1-worker-4",
"C": "purple",
"S": "Start",
"T": "60255"
},
{
"N": "Task-112-3",
"Th": "ForkJoinPool-1-worker-4",
"C": "purple",
"S": "Stop",
"T": "60491"
},
{
"N": "Request-112",
"Th": "http-bio-8080-exec-2",
"C": "purple",
"S": "Start",
"T": "59524"
},
{
"N": "Request-112",
"Th": "http-bio-8080-exec-2",
"C": "purple",
"S": "Stop",
"T": "60491"
},
{
"N": "Task-113-0",
"Th": "ForkJoinPool-1-worker-1",
"C": "red",
"S": "Start",
"T": "60296"
},
{
"N": "Task-113-0",
"Th": "ForkJoinPool-1-worker-1",
"C": "red",
"S": "Stop",
"T": "60531"
},
{
"N": "Task-113-1",
"Th": "ForkJoinPool-1-worker-6",
"C": "red",
"S": "Start",
"T": "60457"
},
{
"N": "Task-113-1",
"Th": "ForkJoinPool-1-worker-6",
"C": "red",
"S": "Stop",
"T": "60694"
},
{
"N": "Task-113-2",
"Th": "ForkJoinPool-1-worker-5",
"C": "red",
"S": "Start",
"T": "60468"
},
{
"N": "Task-113-2",
"Th": "ForkJoinPool-1-worker-5",
"C": "red",
"S": "Stop",
"T": "60708"
},
{
"N": "Task-113-3",
"Th": "ForkJoinPool-1-worker-4",
"C": "red",
"S": "Start",
"T": "60497"
},
{
"N": "Task-113-3",
"Th": "ForkJoinPool-1-worker-4",
"C": "red",
"S": "Stop",
"T": "60734"
},
{
"N": "Request-113",
"Th": "http-bio-8080-exec-3",
"C": "red",
"S": "Start",
"T": "59769"
},
{
"N": "Request-113",
"Th": "http-bio-8080-exec-3",
"C": "red",
"S": "Stop",
"T": "60734"
},
{
"N": "Task-114-0",
"Th": "ForkJoinPool-1-worker-1",
"C": "silver",
"S": "Start",
"T": "60531"
},
{
"N": "Task-114-0",
"Th": "ForkJoinPool-1-worker-1",
"C": "silver",
"S": "Stop",
"T": "60770"
},
{
"N": "Task-114-1",
"Th": "ForkJoinPool-1-worker-6",
"C": "silver",
"S": "Start",
"T": "60695"
},
{
"N": "Task-114-1",
"Th": "ForkJoinPool-1-worker-6",
"C": "silver",
"S": "Stop",
"T": "60940"
},
{
"N": "Task-114-2",
"Th": "ForkJoinPool-1-worker-5",
"C": "silver",
"S": "Start",
"T": "60708"
},
{
"N": "Task-114-2",
"Th": "ForkJoinPool-1-worker-5",
"C": "silver",
"S": "Stop",
"T": "60953"
},
{
"N": "Task-114-3",
"Th": "ForkJoinPool-1-worker-4",
"C": "silver",
"S": "Start",
"T": "60734"
},
{
"N": "Task-114-3",
"Th": "ForkJoinPool-1-worker-4",
"C": "silver",
"S": "Stop",
"T": "60987"
},
{
"N": "Request-114",
"Th": "http-bio-8080-exec-1",
"C": "silver",
"S": "Start",
"T": "60014"
},
{
"N": "Request-114",
"Th": "http-bio-8080-exec-1",
"C": "silver",
"S": "Stop",
"T": "60987"
},
{
"N": "Task-115-0",
"Th": "ForkJoinPool-1-worker-1",
"C": "teal",
"S": "Start",
"T": "60770"
},
{
"N": "Task-115-0",
"Th": "ForkJoinPool-1-worker-1",
"C": "teal",
"S": "Stop",
"T": "61013"
},
{
"N": "Task-115-1",
"Th": "ForkJoinPool-1-worker-6",
"C": "teal",
"S": "Start",
"T": "60940"
},
{
"N": "Task-115-1",
"Th": "ForkJoinPool-1-worker-6",
"C": "teal",
"S": "Stop",
"T": "61182"
},
{
"N": "Task-115-2",
"Th": "ForkJoinPool-1-worker-5",
"C": "teal",
"S": "Start",
"T": "60953"
},
{
"N": "Task-115-2",
"Th": "ForkJoinPool-1-worker-5",
"C": "teal",
"S": "Stop",
"T": "61189"
},
{
"N": "Task-115-3",
"Th": "ForkJoinPool-1-worker-4",
"C": "teal",
"S": "Start",
"T": "60988"
},
{
"N": "Task-115-3",
"Th": "ForkJoinPool-1-worker-4",
"C": "teal",
"S": "Stop",
"T": "61225"
},
{
"N": "Request-115",
"Th": "http-bio-8080-exec-4",
"C": "teal",
"S": "Start",
"T": "60254"
},
{
"N": "Request-115",
"Th": "http-bio-8080-exec-4",
"C": "teal",
"S": "Stop",
"T": "61225"
},
{
"N": "Task-116-0",
"Th": "ForkJoinPool-1-worker-1",
"C": "yellow",
"S": "Start",
"T": "61013"
},
{
"N": "Task-116-0",
"Th": "ForkJoinPool-1-worker-1",
"C": "yellow",
"S": "Stop",
"T": "61249"
},
{
"N": "Task-116-1",
"Th": "ForkJoinPool-1-worker-6",
"C": "yellow",
"S": "Start",
"T": "61182"
},
{
"N": "Task-116-1",
"Th": "ForkJoinPool-1-worker-6",
"C": "yellow",
"S": "Stop",
"T": "61422"
},
{
"N": "Task-116-2",
"Th": "ForkJoinPool-1-worker-5",
"C": "yellow",
"S": "Start",
"T": "61189"
},
{
"N": "Task-116-2",
"Th": "ForkJoinPool-1-worker-5",
"C": "yellow",
"S": "Stop",
"T": "61420"
},
{
"N": "Task-116-3",
"Th": "ForkJoinPool-1-worker-4",
"C": "yellow",
"S": "Start",
"T": "61229"
},
{
"N": "Task-116-3",
"Th": "ForkJoinPool-1-worker-4",
"C": "yellow",
"S": "Stop",
"T": "61471"
},
{
"N": "Request-116",
"Th": "http-bio-8080-exec-2",
"C": "yellow",
"S": "Start",
"T": "60496"
},
{
"N": "Request-116",
"Th": "http-bio-8080-exec-2",
"C": "yellow",
"S": "Stop",
"T": "61471"
},
{
"N": "Task-117-0",
"Th": "ForkJoinPool-1-worker-1",
"C": "aqua",
"S": "Start",
"T": "61250"
},
{
"N": "Task-117-0",
"Th": "ForkJoinPool-1-worker-1",
"C": "aqua",
"S": "Stop",
"T": "61491"
},
{
"N": "Task-117-1",
"Th": "ForkJoinPool-1-worker-5",
"C": "aqua",
"S": "Start",
"T": "61421"
},
{
"N": "Task-117-1",
"Th": "ForkJoinPool-1-worker-5",
"C": "aqua",
"S": "Stop",
"T": "61660"
},
{
"N": "Task-117-2",
"Th": "ForkJoinPool-1-worker-6",
"C": "aqua",
"S": "Start",
"T": "61422"
},
{
"N": "Task-117-2",
"Th": "ForkJoinPool-1-worker-6",
"C": "aqua",
"S": "Stop",
"T": "61663"
},
{
"N": "Task-117-3",
"Th": "ForkJoinPool-1-worker-4",
"C": "aqua",
"S": "Start",
"T": "61475"
},
{
"N": "Task-117-3",
"Th": "ForkJoinPool-1-worker-4",
"C": "aqua",
"S": "Stop",
"T": "61706"
},
{
"N": "Request-117",
"Th": "http-bio-8080-exec-3",
"C": "aqua",
"S": "Start",
"T": "60738"
},
{
"N": "Request-117",
"Th": "http-bio-8080-exec-3",
"C": "aqua",
"S": "Stop",
"T": "61707"
},
{
"N": "Task-118-0",
"Th": "ForkJoinPool-1-worker-1",
"C": "blue",
"S": "Start",
"T": "61491"
},
{
"N": "Task-118-0",
"Th": "ForkJoinPool-1-worker-1",
"C": "blue",
"S": "Stop",
"T": "61725"
},
{
"N": "Task-118-1",
"Th": "ForkJoinPool-1-worker-5",
"C": "blue",
"S": "Start",
"T": "61660"
},
{
"N": "Task-118-1",
"Th": "ForkJoinPool-1-worker-5",
"C": "blue",
"S": "Stop",
"T": "61916"
},
{
"N": "Task-118-2",
"Th": "ForkJoinPool-1-worker-6",
"C": "blue",
"S": "Start",
"T": "61663"
},
{
"N": "Task-118-2",
"Th": "ForkJoinPool-1-worker-6",
"C": "blue",
"S": "Stop",
"T": "61912"
},
{
"N": "Task-118-3",
"Th": "ForkJoinPool-1-worker-4",
"C": "blue",
"S": "Start",
"T": "61707"
},
{
"N": "Task-118-3",
"Th": "ForkJoinPool-1-worker-4",
"C": "blue",
"S": "Stop",
"T": "61960"
},
{
"N": "Request-118",
"Th": "http-bio-8080-exec-1",
"C": "blue",
"S": "Start",
"T": "60991"
},
{
"N": "Request-118",
"Th": "http-bio-8080-exec-1",
"C": "blue",
"S": "Stop",
"T": "61960"
},
{
"N": "Task-119-0",
"Th": "ForkJoinPool-1-worker-1",
"C": "fuchsia",
"S": "Start",
"T": "61725"
},
{
"N": "Task-119-0",
"Th": "ForkJoinPool-1-worker-1",
"C": "fuchsia",
"S": "Stop",
"T": "61977"
},
{
"N": "Task-119-1",
"Th": "ForkJoinPool-1-worker-6",
"C": "fuchsia",
"S": "Start",
"T": "61912"
},
{
"N": "Task-119-1",
"Th": "ForkJoinPool-1-worker-6",
"C": "fuchsia",
"S": "Stop",
"T": "62152"
},
{
"N": "Task-119-2",
"Th": "ForkJoinPool-1-worker-5",
"C": "fuchsia",
"S": "Start",
"T": "61916"
},
{
"N": "Task-119-2",
"Th": "ForkJoinPool-1-worker-5",
"C": "fuchsia",
"S": "Stop",
"T": "62156"
},
{
"N": "Task-119-3",
"Th": "ForkJoinPool-1-worker-4",
"C": "fuchsia",
"S": "Start",
"T": "61965"
},
{
"N": "Task-119-3",
"Th": "ForkJoinPool-1-worker-4",
"C": "fuchsia",
"S": "Stop",
"T": "62199"
},
{
"N": "Request-119",
"Th": "http-bio-8080-exec-4",
"C": "fuchsia",
"S": "Start",
"T": "61228"
},
{
"N": "Request-119",
"Th": "http-bio-8080-exec-4",
"C": "fuchsia",
"S": "Stop",
"T": "62199"
},
{
"N": "Task-120-0",
"Th": "ForkJoinPool-1-worker-1",
"C": "gray",
"S": "Start",
"T": "61977"
},
{
"N": "Task-120-0",
"Th": "ForkJoinPool-1-worker-1",
"C": "gray",
"S": "Stop",
"T": "62216"
},
{
"N": "Task-120-1",
"Th": "ForkJoinPool-1-worker-6",
"C": "gray",
"S": "Start",
"T": "62152"
},
{
"N": "Task-120-1",
"Th": "ForkJoinPool-1-worker-6",
"C": "gray",
"S": "Stop",
"T": "62392"
},
{
"N": "Task-120-2",
"Th": "ForkJoinPool-1-worker-5",
"C": "gray",
"S": "Start",
"T": "62156"
},
{
"N": "Task-120-2",
"Th": "ForkJoinPool-1-worker-5",
"C": "gray",
"S": "Stop",
"T": "62391"
},
{
"N": "Task-120-3",
"Th": "ForkJoinPool-1-worker-4",
"C": "gray",
"S": "Start",
"T": "62203"
},
{
"N": "Task-120-3",
"Th": "ForkJoinPool-1-worker-4",
"C": "gray",
"S": "Stop",
"T": "62441"
},
{
"N": "Request-120",
"Th": "http-bio-8080-exec-2",
"C": "gray",
"S": "Start",
"T": "61474"
},
{
"N": "Request-120",
"Th": "http-bio-8080-exec-2",
"C": "gray",
"S": "Stop",
"T": "62441"
},
{
"N": "Task-121-0",
"Th": "ForkJoinPool-1-worker-1",
"C": "green",
"S": "Start",
"T": "62217"
},
{
"N": "Task-121-0",
"Th": "ForkJoinPool-1-worker-1",
"C": "green",
"S": "Stop",
"T": "62456"
},
{
"N": "Task-121-1",
"Th": "ForkJoinPool-1-worker-5",
"C": "green",
"S": "Start",
"T": "62391"
},
{
"N": "Task-121-1",
"Th": "ForkJoinPool-1-worker-5",
"C": "green",
"S": "Stop",
"T": "62627"
},
{
"N": "Task-121-2",
"Th": "ForkJoinPool-1-worker-6",
"C": "green",
"S": "Start",
"T": "62392"
},
{
"N": "Task-121-2",
"Th": "ForkJoinPool-1-worker-6",
"C": "green",
"S": "Stop",
"T": "62637"
},
{
"N": "Task-121-3",
"Th": "ForkJoinPool-1-worker-4",
"C": "green",
"S": "Start",
"T": "62447"
},
{
"N": "Task-121-3",
"Th": "ForkJoinPool-1-worker-4",
"C": "green",
"S": "Stop",
"T": "62685"
},
{
"N": "Request-121",
"Th": "http-bio-8080-exec-3",
"C": "green",
"S": "Start",
"T": "61713"
},
{
"N": "Request-121",
"Th": "http-bio-8080-exec-3",
"C": "green",
"S": "Stop",
"T": "62686"
},
{
"N": "Task-122-0",
"Th": "ForkJoinPool-1-worker-1",
"C": "lime",
"S": "Start",
"T": "62456"
},
{
"N": "Task-122-0",
"Th": "ForkJoinPool-1-worker-1",
"C": "lime",
"S": "Stop",
"T": "62695"
},
{
"N": "Task-122-1",
"Th": "ForkJoinPool-1-worker-5",
"C": "lime",
"S": "Start",
"T": "62628"
},
{
"N": "Task-122-1",
"Th": "ForkJoinPool-1-worker-5",
"C": "lime",
"S": "Stop",
"T": "62874"
},
{
"N": "Task-122-2",
"Th": "ForkJoinPool-1-worker-6",
"C": "lime",
"S": "Start",
"T": "62638"
},
{
"N": "Task-122-2",
"Th": "ForkJoinPool-1-worker-6",
"C": "lime",
"S": "Stop",
"T": "62881"
},
{
"N": "Task-122-3",
"Th": "ForkJoinPool-1-worker-4",
"C": "lime",
"S": "Start",
"T": "62686"
},
{
"N": "Task-122-3",
"Th": "ForkJoinPool-1-worker-4",
"C": "lime",
"S": "Stop",
"T": "62931"
},
{
"N": "Request-122",
"Th": "http-bio-8080-exec-1",
"C": "lime",
"S": "Start",
"T": "61964"
},
{
"N": "Request-122",
"Th": "http-bio-8080-exec-1",
"C": "lime",
"S": "Stop",
"T": "62931"
},
{
"N": "Task-123-0",
"Th": "ForkJoinPool-1-worker-1",
"C": "maroon",
"S": "Start",
"T": "62695"
},
{
"N": "Task-123-0",
"Th": "ForkJoinPool-1-worker-1",
"C": "maroon",
"S": "Stop",
"T": "62939"
},
{
"N": "Task-123-1",
"Th": "ForkJoinPool-1-worker-5",
"C": "maroon",
"S": "Start",
"T": "62874"
},
{
"N": "Task-123-1",
"Th": "ForkJoinPool-1-worker-5",
"C": "maroon",
"S": "Stop",
"T": "63127"
},
{
"N": "Task-123-2",
"Th": "ForkJoinPool-1-worker-6",
"C": "maroon",
"S": "Start",
"T": "62881"
},
{
"N": "Task-123-2",
"Th": "ForkJoinPool-1-worker-6",
"C": "maroon",
"S": "Stop",
"T": "63135"
},
{
"N": "Task-123-3",
"Th": "ForkJoinPool-1-worker-4",
"C": "maroon",
"S": "Start",
"T": "62935"
},
{
"N": "Task-123-3",
"Th": "ForkJoinPool-1-worker-4",
"C": "maroon",
"S": "Stop",
"T": "63181"
},
{
"N": "Request-123",
"Th": "http-bio-8080-exec-4",
"C": "maroon",
"S": "Start",
"T": "62203"
},
{
"N": "Request-123",
"Th": "http-bio-8080-exec-4",
"C": "maroon",
"S": "Stop",
"T": "63182"
},
{
"N": "Task-124-0",
"Th": "ForkJoinPool-1-worker-1",
"C": "olive",
"S": "Start",
"T": "62939"
},
{
"N": "Task-124-0",
"Th": "ForkJoinPool-1-worker-1",
"C": "olive",
"S": "Stop",
"T": "63181"
},
{
"N": "Task-124-1",
"Th": "ForkJoinPool-1-worker-5",
"C": "olive",
"S": "Start",
"T": "63127"
},
{
"N": "Task-124-1",
"Th": "ForkJoinPool-1-worker-5",
"C": "olive",
"S": "Stop",
"T": "63359"
},
{
"N": "Task-124-2",
"Th": "ForkJoinPool-1-worker-6",
"C": "olive",
"S": "Start",
"T": "63136"
},
{
"N": "Task-124-2",
"Th": "ForkJoinPool-1-worker-6",
"C": "olive",
"S": "Stop",
"T": "63371"
},
{
"N": "Task-124-3",
"Th": "ForkJoinPool-1-worker-1",
"C": "olive",
"S": "Start",
"T": "63182"
},
{
"N": "Task-124-3",
"Th": "ForkJoinPool-1-worker-1",
"C": "olive",
"S": "Stop",
"T": "63421"
},
{
"N": "Request-124",
"Th": "http-bio-8080-exec-2",
"C": "olive",
"S": "Start",
"T": "62446"
},
{
"N": "Request-124",
"Th": "http-bio-8080-exec-2",
"C": "olive",
"S": "Stop",
"T": "63422"
},
{
"N": "Task-125-0",
"Th": "ForkJoinPool-1-worker-4",
"C": "purple",
"S": "Start",
"T": "63186"
},
{
"N": "Task-125-0",
"Th": "ForkJoinPool-1-worker-4",
"C": "purple",
"S": "Stop",
"T": "63432"
},
{
"N": "Task-125-1",
"Th": "ForkJoinPool-1-worker-5",
"C": "purple",
"S": "Start",
"T": "63360"
},
{
"N": "Task-125-1",
"Th": "ForkJoinPool-1-worker-5",
"C": "purple",
"S": "Stop",
"T": "63599"
},
{
"N": "Task-125-2",
"Th": "ForkJoinPool-1-worker-6",
"C": "purple",
"S": "Start",
"T": "63371"
},
{
"N": "Task-125-2",
"Th": "ForkJoinPool-1-worker-6",
"C": "purple",
"S": "Stop",
"T": "63614"
},
{
"N": "Task-125-3",
"Th": "ForkJoinPool-1-worker-1",
"C": "purple",
"S": "Start",
"T": "63422"
},
{
"N": "Task-125-3",
"Th": "ForkJoinPool-1-worker-1",
"C": "purple",
"S": "Stop",
"T": "63670"
},
{
"N": "Request-125",
"Th": "http-bio-8080-exec-3",
"C": "purple",
"S": "Start",
"T": "62690"
},
{
"N": "Request-125",
"Th": "http-bio-8080-exec-3",
"C": "purple",
"S": "Stop",
"T": "63670"
},
{
"N": "Task-126-0",
"Th": "ForkJoinPool-1-worker-4",
"C": "red",
"S": "Start",
"T": "63433"
},
{
"N": "Task-126-0",
"Th": "ForkJoinPool-1-worker-4",
"C": "red",
"S": "Stop",
"T": "63675"
},
{
"N": "Task-126-1",
"Th": "ForkJoinPool-1-worker-5",
"C": "red",
"S": "Start",
"T": "63600"
},
{
"N": "Task-126-1",
"Th": "ForkJoinPool-1-worker-5",
"C": "red",
"S": "Stop",
"T": "63841"
},
{
"N": "Task-126-2",
"Th": "ForkJoinPool-1-worker-6",
"C": "red",
"S": "Start",
"T": "63614"
},
{
"N": "Task-126-2",
"Th": "ForkJoinPool-1-worker-6",
"C": "red",
"S": "Stop",
"T": "63858"
},
{
"N": "Task-126-3",
"Th": "ForkJoinPool-1-worker-1",
"C": "red",
"S": "Start",
"T": "63670"
},
{
"N": "Task-126-3",
"Th": "ForkJoinPool-1-worker-1",
"C": "red",
"S": "Stop",
"T": "63910"
},
{
"N": "Request-126",
"Th": "http-bio-8080-exec-1",
"C": "red",
"S": "Start",
"T": "62935"
},
{
"N": "Request-126",
"Th": "http-bio-8080-exec-1",
"C": "red",
"S": "Stop",
"T": "63911"
},
{
"N": "Task-127-0",
"Th": "ForkJoinPool-1-worker-4",
"C": "silver",
"S": "Start",
"T": "63676"
},
{
"N": "Task-127-0",
"Th": "ForkJoinPool-1-worker-4",
"C": "silver",
"S": "Stop",
"T": "63909"
},
{
"N": "Task-127-1",
"Th": "ForkJoinPool-1-worker-5",
"C": "silver",
"S": "Start",
"T": "63841"
},
{
"N": "Task-127-1",
"Th": "ForkJoinPool-1-worker-5",
"C": "silver",
"S": "Stop",
"T": "64084"
},
{
"N": "Task-127-2",
"Th": "ForkJoinPool-1-worker-6",
"C": "silver",
"S": "Start",
"T": "63858"
},
{
"N": "Task-127-2",
"Th": "ForkJoinPool-1-worker-6",
"C": "silver",
"S": "Stop",
"T": "64098"
},
{
"N": "Task-127-3",
"Th": "ForkJoinPool-1-worker-4",
"C": "silver",
"S": "Start",
"T": "63909"
},
{
"N": "Task-127-3",
"Th": "ForkJoinPool-1-worker-4",
"C": "silver",
"S": "Stop",
"T": "64154"
},
{
"N": "Request-127",
"Th": "http-bio-8080-exec-4",
"C": "silver",
"S": "Start",
"T": "63185"
},
{
"N": "Request-127",
"Th": "http-bio-8080-exec-4",
"C": "silver",
"S": "Stop",
"T": "64155"
},
{
"N": "Task-128-0",
"Th": "ForkJoinPool-1-worker-1",
"C": "teal",
"S": "Start",
"T": "63910"
},
{
"N": "Task-128-0",
"Th": "ForkJoinPool-1-worker-1",
"C": "teal",
"S": "Stop",
"T": "64151"
},
{
"N": "Task-128-1",
"Th": "ForkJoinPool-1-worker-5",
"C": "teal",
"S": "Start",
"T": "64085"
},
{
"N": "Task-128-1",
"Th": "ForkJoinPool-1-worker-5",
"C": "teal",
"S": "Stop",
"T": "64324"
},
{
"N": "Task-128-2",
"Th": "ForkJoinPool-1-worker-6",
"C": "teal",
"S": "Start",
"T": "64098"
},
{
"N": "Task-128-2",
"Th": "ForkJoinPool-1-worker-6",
"C": "teal",
"S": "Stop",
"T": "64338"
},
{
"N": "Task-128-3",
"Th": "ForkJoinPool-1-worker-1",
"C": "teal",
"S": "Start",
"T": "64152"
},
{
"N": "Task-128-3",
"Th": "ForkJoinPool-1-worker-1",
"C": "teal",
"S": "Stop",
"T": "64391"
},
{
"N": "Request-128",
"Th": "http-bio-8080-exec-2",
"C": "teal",
"S": "Start",
"T": "63427"
},
{
"N": "Request-128",
"Th": "http-bio-8080-exec-2",
"C": "teal",
"S": "Stop",
"T": "64391"
},
{
"N": "Task-129-0",
"Th": "ForkJoinPool-1-worker-4",
"C": "yellow",
"S": "Start",
"T": "64160"
},
{
"N": "Task-129-0",
"Th": "ForkJoinPool-1-worker-4",
"C": "yellow",
"S": "Stop",
"T": "64408"
},
{
"N": "Task-129-1",
"Th": "ForkJoinPool-1-worker-5",
"C": "yellow",
"S": "Start",
"T": "64325"
},
{
"N": "Task-129-1",
"Th": "ForkJoinPool-1-worker-5",
"C": "yellow",
"S": "Stop",
"T": "64567"
},
{
"N": "Task-129-2",
"Th": "ForkJoinPool-1-worker-6",
"C": "yellow",
"S": "Start",
"T": "64338"
},
{
"N": "Task-129-2",
"Th": "ForkJoinPool-1-worker-6",
"C": "yellow",
"S": "Stop",
"T": "64583"
},
{
"N": "Task-129-3",
"Th": "ForkJoinPool-1-worker-1",
"C": "yellow",
"S": "Start",
"T": "64391"
},
{
"N": "Task-129-3",
"Th": "ForkJoinPool-1-worker-1",
"C": "yellow",
"S": "Stop",
"T": "64636"
},
{
"N": "Request-129",
"Th": "http-bio-8080-exec-3",
"C": "yellow",
"S": "Start",
"T": "63676"
},
{
"N": "Request-129",
"Th": "http-bio-8080-exec-3",
"C": "yellow",
"S": "Stop",
"T": "64636"
},
{
"N": "Task-130-0",
"Th": "ForkJoinPool-1-worker-4",
"C": "aqua",
"S": "Start",
"T": "64408"
},
{
"N": "Task-130-0",
"Th": "ForkJoinPool-1-worker-4",
"C": "aqua",
"S": "Stop",
"T": "64651"
},
{
"N": "Task-130-1",
"Th": "ForkJoinPool-1-worker-5",
"C": "aqua",
"S": "Start",
"T": "64568"
},
{
"N": "Task-130-1",
"Th": "ForkJoinPool-1-worker-5",
"C": "aqua",
"S": "Stop",
"T": "64810"
},
{
"N": "Task-130-2",
"Th": "ForkJoinPool-1-worker-6",
"C": "aqua",
"S": "Start",
"T": "64583"
},
{
"N": "Task-130-2",
"Th": "ForkJoinPool-1-worker-6",
"C": "aqua",
"S": "Stop",
"T": "64828"
},
{
"N": "Task-130-3",
"Th": "ForkJoinPool-1-worker-1",
"C": "aqua",
"S": "Start",
"T": "64636"
},
{
"N": "Task-130-3",
"Th": "ForkJoinPool-1-worker-1",
"C": "aqua",
"S": "Stop",
"T": "64872"
},
{
"N": "Request-130",
"Th": "http-bio-8080-exec-1",
"C": "aqua",
"S": "Start",
"T": "63917"
},
{
"N": "Request-130",
"Th": "http-bio-8080-exec-1",
"C": "aqua",
"S": "Stop",
"T": "64873"
},
{
"N": "Task-131-0",
"Th": "ForkJoinPool-1-worker-4",
"C": "blue",
"S": "Start",
"T": "64652"
},
{
"N": "Task-131-0",
"Th": "ForkJoinPool-1-worker-4",
"C": "blue",
"S": "Stop",
"T": "64902"
},
{
"N": "Task-131-1",
"Th": "ForkJoinPool-1-worker-5",
"C": "blue",
"S": "Start",
"T": "64810"
},
{
"N": "Task-131-1",
"Th": "ForkJoinPool-1-worker-5",
"C": "blue",
"S": "Stop",
"T": "65044"
},
{
"N": "Task-131-2",
"Th": "ForkJoinPool-1-worker-6",
"C": "blue",
"S": "Start",
"T": "64828"
},
{
"N": "Task-131-2",
"Th": "ForkJoinPool-1-worker-6",
"C": "blue",
"S": "Stop",
"T": "65071"
},
{
"N": "Task-131-3",
"Th": "ForkJoinPool-1-worker-1",
"C": "blue",
"S": "Start",
"T": "64873"
},
{
"N": "Task-131-3",
"Th": "ForkJoinPool-1-worker-1",
"C": "blue",
"S": "Stop",
"T": "65112"
},
{
"N": "Request-131",
"Th": "http-bio-8080-exec-4",
"C": "blue",
"S": "Start",
"T": "64159"
},
{
"N": "Request-131",
"Th": "http-bio-8080-exec-4",
"C": "blue",
"S": "Stop",
"T": "65113"
},
{
"N": "Task-132-0",
"Th": "ForkJoinPool-1-worker-4",
"C": "fuchsia",
"S": "Start",
"T": "64902"
},
{
"N": "Task-132-0",
"Th": "ForkJoinPool-1-worker-4",
"C": "fuchsia",
"S": "Stop",
"T": "65152"
},
{
"N": "Task-132-1",
"Th": "ForkJoinPool-1-worker-5",
"C": "fuchsia",
"S": "Start",
"T": "65045"
},
{
"N": "Task-132-1",
"Th": "ForkJoinPool-1-worker-5",
"C": "fuchsia",
"S": "Stop",
"T": "65290"
},
{
"N": "Task-132-2",
"Th": "ForkJoinPool-1-worker-6",
"C": "fuchsia",
"S": "Start",
"T": "65071"
},
{
"N": "Task-132-2",
"Th": "ForkJoinPool-1-worker-6",
"C": "fuchsia",
"S": "Stop",
"T": "65317"
},
{
"N": "Task-132-3",
"Th": "ForkJoinPool-1-worker-1",
"C": "fuchsia",
"S": "Start",
"T": "65113"
},
{
"N": "Task-132-3",
"Th": "ForkJoinPool-1-worker-1",
"C": "fuchsia",
"S": "Stop",
"T": "65356"
},
{
"N": "Request-132",
"Th": "http-bio-8080-exec-2",
"C": "fuchsia",
"S": "Start",
"T": "64395"
},
{
"N": "Request-132",
"Th": "http-bio-8080-exec-2",
"C": "fuchsia",
"S": "Stop",
"T": "65356"
},
{
"N": "Task-133-0",
"Th": "ForkJoinPool-1-worker-4",
"C": "gray",
"S": "Start",
"T": "65152"
},
{
"N": "Task-133-0",
"Th": "ForkJoinPool-1-worker-4",
"C": "gray",
"S": "Stop",
"T": "65396"
},
{
"N": "Task-133-1",
"Th": "ForkJoinPool-1-worker-5",
"C": "gray",
"S": "Start",
"T": "65290"
},
{
"N": "Task-133-1",
"Th": "ForkJoinPool-1-worker-5",
"C": "gray",
"S": "Stop",
"T": "65528"
},
{
"N": "Task-133-2",
"Th": "ForkJoinPool-1-worker-6",
"C": "gray",
"S": "Start",
"T": "65317"
},
{
"N": "Task-133-2",
"Th": "ForkJoinPool-1-worker-6",
"C": "gray",
"S": "Stop",
"T": "65557"
},
{
"N": "Task-133-3",
"Th": "ForkJoinPool-1-worker-1",
"C": "gray",
"S": "Start",
"T": "65356"
},
{
"N": "Task-133-3",
"Th": "ForkJoinPool-1-worker-1",
"C": "gray",
"S": "Stop",
"T": "65590"
},
{
"N": "Request-133",
"Th": "http-bio-8080-exec-3",
"C": "gray",
"S": "Start",
"T": "64639"
},
{
"N": "Request-133",
"Th": "http-bio-8080-exec-3",
"C": "gray",
"S": "Stop",
"T": "65590"
},
{
"N": "Task-134-0",
"Th": "ForkJoinPool-1-worker-4",
"C": "green",
"S": "Start",
"T": "65396"
},
{
"N": "Task-134-0",
"Th": "ForkJoinPool-1-worker-4",
"C": "green",
"S": "Stop",
"T": "65640"
},
{
"N": "Task-134-1",
"Th": "ForkJoinPool-1-worker-5",
"C": "green",
"S": "Start",
"T": "65529"
},
{
"N": "Task-134-1",
"Th": "ForkJoinPool-1-worker-5",
"C": "green",
"S": "Stop",
"T": "65778"
},
{
"N": "Task-134-2",
"Th": "ForkJoinPool-1-worker-6",
"C": "green",
"S": "Start",
"T": "65557"
},
{
"N": "Task-134-2",
"Th": "ForkJoinPool-1-worker-6",
"C": "green",
"S": "Stop",
"T": "65803"
},
{
"N": "Task-134-3",
"Th": "ForkJoinPool-1-worker-1",
"C": "green",
"S": "Start",
"T": "65590"
},
{
"N": "Task-134-3",
"Th": "ForkJoinPool-1-worker-1",
"C": "green",
"S": "Stop",
"T": "65832"
},
{
"N": "Request-134",
"Th": "http-bio-8080-exec-1",
"C": "green",
"S": "Start",
"T": "64877"
},
{
"N": "Request-134",
"Th": "http-bio-8080-exec-1",
"C": "green",
"S": "Stop",
"T": "65833"
},
{
"N": "Task-135-0",
"Th": "ForkJoinPool-1-worker-4",
"C": "lime",
"S": "Start",
"T": "65640"
},
{
"N": "Task-135-0",
"Th": "ForkJoinPool-1-worker-4",
"C": "lime",
"S": "Stop",
"T": "65882"
},
{
"N": "Task-135-1",
"Th": "ForkJoinPool-1-worker-5",
"C": "lime",
"S": "Start",
"T": "65778"
},
{
"N": "Task-135-1",
"Th": "ForkJoinPool-1-worker-5",
"C": "lime",
"S": "Stop",
"T": "66015"
},
{
"N": "Task-135-2",
"Th": "ForkJoinPool-1-worker-6",
"C": "lime",
"S": "Start",
"T": "65804"
},
{
"N": "Task-135-2",
"Th": "ForkJoinPool-1-worker-6",
"C": "lime",
"S": "Stop",
"T": "66048"
},
{
"N": "Task-135-3",
"Th": "ForkJoinPool-1-worker-1",
"C": "lime",
"S": "Start",
"T": "65833"
},
{
"N": "Task-135-3",
"Th": "ForkJoinPool-1-worker-1",
"C": "lime",
"S": "Stop",
"T": "66068"
},
{
"N": "Request-135",
"Th": "http-bio-8080-exec-4",
"C": "lime",
"S": "Start",
"T": "65120"
},
{
"N": "Request-135",
"Th": "http-bio-8080-exec-4",
"C": "lime",
"S": "Stop",
"T": "66069"
},
{
"N": "Task-136-0",
"Th": "ForkJoinPool-1-worker-4",
"C": "maroon",
"S": "Start",
"T": "65883"
},
{
"N": "Task-136-0",
"Th": "ForkJoinPool-1-worker-4",
"C": "maroon",
"S": "Stop",
"T": "66121"
},
{
"N": "Task-136-1",
"Th": "ForkJoinPool-1-worker-5",
"C": "maroon",
"S": "Start",
"T": "66016"
},
{
"N": "Task-136-1",
"Th": "ForkJoinPool-1-worker-5",
"C": "maroon",
"S": "Stop",
"T": "66249"
},
{
"N": "Task-136-2",
"Th": "ForkJoinPool-1-worker-6",
"C": "maroon",
"S": "Start",
"T": "66049"
},
{
"N": "Task-136-2",
"Th": "ForkJoinPool-1-worker-6",
"C": "maroon",
"S": "Stop",
"T": "66284"
},
{
"N": "Task-136-3",
"Th": "ForkJoinPool-1-worker-1",
"C": "maroon",
"S": "Start",
"T": "66069"
},
{
"N": "Task-136-3",
"Th": "ForkJoinPool-1-worker-1",
"C": "maroon",
"S": "Stop",
"T": "66296"
},
{
"N": "Request-136",
"Th": "http-bio-8080-exec-2",
"C": "maroon",
"S": "Start",
"T": "65361"
},
{
"N": "Request-136",
"Th": "http-bio-8080-exec-2",
"C": "maroon",
"S": "Stop",
"T": "66297"
},
