	{
		"name": "Global Information",
		"numberOfRequests": {
			"total": 1834,
			"ok": 1834,
			"ko": 0
		},
		"minResponseTime": {
			"total": 670,
			"ok": 670,
			"ko": -1
		},
		"maxResponseTime": {
			"total": 4350,
			"ok": 4350,
			"ko": -1
		},
		"meanResponseTime": {
			"total": 3352,
			"ok": 3352,
			"ko": -1
		},
		"standardDeviation": {
			"total": 321,
			"ok": 321,
			"ko": -1
		},
		"percentiles1": {
			"total": 3580,
			"ok": 3580,
			"ko": -1
		},
		"percentiles2": {
			"total": 3690,
			"ok": 3690,
			"ko": -1
		},
		"group1": {
			"name": "t < 800 ms",
			"count": 3,
			"percentage": 0
		},
		"group2": {
			"name": "800 ms < t < 1200 ms",
			"count": 10,
			"percentage": 0
		},
		"group3": {
			"name": "t > 1200 ms",
			"count": 1821,
			"percentage": 99
		},
		"group4": {
			"name": "failed",
			"count": 0,
			"percentage": 0
		},
		"meanNumberOfRequestsPerSecond": {
			"total": 29,
			"ok": 29,
			"ko": -1
		}
	}