	{
		"name": "Global Information",
		"numberOfRequests": {
			"total": 1786,
			"ok": 1786,
			"ko": 0
		},
		"minResponseTime": {
			"total": 410,
			"ok": 410,
			"ko": -1
		},
		"maxResponseTime": {
			"total": 1070,
			"ok": 1070,
			"ko": -1
		},
		"meanResponseTime": {
			"total": 504,
			"ok": 504,
			"ko": -1
		},
		"standardDeviation": {
			"total": 35,
			"ok": 35,
			"ko": -1
		},
		"percentiles1": {
			"total": 550,
			"ok": 550,
			"ko": -1
		},
		"percentiles2": {
			"total": 620,
			"ok": 620,
			"ko": -1
		},
		"group1": {
			"name": "t < 800 ms",
			"count": 1778,
			"percentage": 99
		},
		"group2": {
			"name": "800 ms < t < 1200 ms",
			"count": 8,
			"percentage": 0
		},
		"group3": {
			"name": "t > 1200 ms",
			"count": 0,
			"percentage": 0
		},
		"group4": {
			"name": "failed",
			"count": 0,
			"percentage": 0
		},
		"meanNumberOfRequestsPerSecond": {
			"total": 30,
			"ok": 30,
			"ko": -1
		}
	}