	{
		"name": "Global Information",
		"numberOfRequests": {
			"total": 2717,
			"ok": 2717,
			"ko": 0
		},
		"minResponseTime": {
			"total": 110,
			"ok": 110,
			"ko": -1
		},
		"maxResponseTime": {
			"total": 10880,
			"ok": 10880,
			"ko": -1
		},
		"meanResponseTime": {
			"total": 4492,
			"ok": 4492,
			"ko": -1
		},
		"standardDeviation": {
			"total": 1190,
			"ok": 1190,
			"ko": -1
		},
		"percentiles1": {
			"total": 6180,
			"ok": 6180,
			"ko": -1
		},
		"percentiles2": {
			"total": 7400,
			"ok": 7400,
			"ko": -1
		},
		"group1": {
			"name": "t < 800 ms",
			"count": 16,
			"percentage": 0
		},
		"group2": {
			"name": "800 ms < t < 1200 ms",
			"count": 18,
			"percentage": 0
		},
		"group3": {
			"name": "t > 1200 ms",
			"count": 2683,
			"percentage": 98
		},
		"group4": {
			"name": "failed",
			"count": 0,
			"percentage": 0
		},
		"meanNumberOfRequestsPerSecond": {
			"total": 43,
			"ok": 43,
			"ko": -1
		}
	}