	{
		"name": "Global Information",
		"numberOfRequests": {
			"total": 1599,
			"ok": 1540,
			"ko": 59
		},
		"minResponseTime": {
			"total": 0,
			"ok": 3130,
			"ko": 0
		},
		"maxResponseTime": {
			"total": 87340,
			"ok": 87340,
			"ko": 60040
		},
		"meanResponseTime": {
			"total": 6060,
			"ok": 6225,
			"ko": 1748
		},
		"standardDeviation": {
			"total": 0,
			"ok": 0,
			"ko": 0
		},
		"percentiles1": {
			"total": 17130,
			"ok": 17180,
			"ko": 7010
		},
		"percentiles2": {
			"total": 86870,
			"ok": 86890,
			"ko": 15030
		},
		"group1": {
			"name": "t < 800 ms",
			"count": 0,
			"percentage": 0
		},
		"group2": {
			"name": "800 ms < t < 1200 ms",
			"count": 0,
			"percentage": 0
		},
		"group3": {
			"name": "t > 1200 ms",
			"count": 1540,
			"percentage": 96
		},
		"group4": {
			"name": "failed",
			"count": 59,
			"percentage": 3
		},
		"meanNumberOfRequestsPerSecond": {
			"total": 18,
			"ok": 18,
			"ko": 1
		}
	}